party,statementID,position,perc_agree
FDP,18,agree,91.44385026737967
JFS,18,agree,95.71428571428572
EVP,18,disagree,39.09465020576132
JEVP,18,disagree,48.78048780487805
Grüne,18,disagree,10.840108401084011
JG,18,disagree,4.0358744394618835
SP,18,disagree,2.0179372197309418
EDU,18,disagree,50.0
Parteilos,18,disagree,38.20224719101123
JUSO,18,disagree,0.0
Übrige,18,disagree,17.166212534059948
PdA,18,disagree,0.0
GLP,18,agree,82.41379310344827
JGLP,18,agree,83.06010928961749
SVP,18,agree,50.30487804878049
Die Mitte,18,disagree,39.48863636363637
JM,18,disagree,43.64406779661017
JSVP,18,agree,54.87804878048781
MCG,18,disagree,20.0
Lega,18,disagree,0.0
FDP,19,disagree,25.668449197860966
JFS,19,disagree,29.665071770334926
EVP,19,agree,87.24279835390946
JEVP,19,agree,91.46341463414635
Grüne,19,agree,94.85094850948511
JG,19,agree,99.55357142857143
SP,19,agree,99.32735426008968
EDU,19,disagree,47.53086419753087
Parteilos,19,agree,62.5
JUSO,19,agree,99.52606635071089
Übrige,19,agree,62.39782016348774
PdA,19,agree,98.21428571428571
GLP,19,agree,76.8566493955095
JGLP,19,agree,83.60655737704919
SVP,19,disagree,23.853211009174313
Die Mitte,19,agree,71.44886363636364
JM,19,agree,86.86440677966102
JSVP,19,disagree,39.263803680981596
MCG,19,agree,90.0
Lega,19,agree,90.0
FDP,20,agree,78.6096256684492
JFS,20,agree,75.36231884057972
EVP,20,agree,93.38842975206612
JEVP,20,agree,95.1219512195122
Grüne,20,agree,88.6178861788618
JG,20,agree,92.41071428571429
SP,20,agree,64.71910112359551
EDU,20,agree,78.26086956521739
Parteilos,20,agree,86.20689655172413
JUSO,20,agree,89.47368421052632
Übrige,20,agree,86.92098092643052
PdA,20,agree,89.28571428571429
GLP,20,disagree,48.35924006908463
JGLP,20,disagree,48.08743169398907
SVP,20,agree,67.90123456790124
Die Mitte,20,agree,94.45234708392604
JM,20,agree,95.74468085106383
JSVP,20,agree,66.0493827160494
MCG,20,agree,90.0
Lega,20,agree,80.0
FDP,21,agree,79.67914438502673
JFS,21,agree,78.26086956521739
EVP,21,agree,58.26446280991735
JEVP,21,agree,54.32098765432099
Grüne,21,disagree,7.8590785907859075
JG,21,disagree,2.242152466367713
SP,21,disagree,2.247191011235955
EDU,21,disagree,35.0
Parteilos,21,disagree,39.08045977011494
JUSO,21,disagree,1.932367149758454
Übrige,21,disagree,14.246575342465754
PdA,21,disagree,0.0
GLP,21,agree,78.89273356401384
JGLP,21,agree,79.23497267759562
SVP,21,agree,53.39506172839506
Die Mitte,21,agree,68.71428571428572
JM,21,agree,55.36480686695279
JSVP,21,disagree,46.2962962962963
MCG,21,disagree,5.0
Lega,21,disagree,20.0
FDP,22,disagree,22.192513368983956
JFS,22,disagree,27.403846153846157
EVP,22,agree,76.44628099173553
JEVP,22,agree,91.46341463414635
Grüne,22,agree,97.8319783197832
JG,22,agree,100.0
SP,22,agree,97.30941704035875
EDU,22,disagree,18.75
Parteilos,22,agree,58.139534883720934
JUSO,22,agree,99.51690821256038
Übrige,22,agree,58.19672131147541
PdA,22,agree,92.85714285714286
GLP,22,agree,87.5432525951557
JGLP,22,agree,96.17486338797814
SVP,22,disagree,6.461538461538462
Die Mitte,22,agree,64.33666191155493
JM,22,agree,88.03418803418803
JSVP,22,disagree,22.22222222222222
MCG,22,disagree,50.0
Lega,22,agree,60.0
FDP,23,disagree,11.497326203208557
JFS,23,disagree,10.628019323671497
EVP,23,agree,87.60330578512396
JEVP,23,agree,92.5
Grüne,23,agree,98.1029810298103
JG,23,agree,98.65470852017937
SP,23,agree,99.55156950672645
EDU,23,disagree,38.75
Parteilos,23,agree,63.95348837209303
JUSO,23,agree,99.51690821256038
Übrige,23,agree,63.013698630136986
PdA,23,agree,100.0
GLP,23,disagree,34.42906574394463
JGLP,23,disagree,46.44808743169399
SVP,23,disagree,8.282208588957054
Die Mitte,23,disagree,35.092724679029956
JM,23,disagree,48.497854077253216
JSVP,23,disagree,13.043478260869565
MCG,23,agree,63.1578947368421
Lega,23,agree,60.0
FDP,24,disagree,21.390374331550802
JFS,24,disagree,19.71153846153846
EVP,24,disagree,32.231404958677686
JEVP,24,disagree,28.39506172839506
Grüne,24,disagree,20.59620596205962
JG,24,disagree,49.775784753363226
SP,24,disagree,48.769574944071586
EDU,24,disagree,3.125
Parteilos,24,disagree,32.55813953488372
JUSO,24,agree,82.6086956521739
Übrige,24,disagree,24.65753424657534
PdA,24,agree,51.78571428571429
GLP,24,disagree,18.858131487889274
JGLP,24,disagree,25.136612021857925
SVP,24,disagree,12.269938650306749
Die Mitte,24,disagree,25.571428571428573
JM,24,disagree,29.914529914529915
JSVP,24,disagree,17.901234567901234
MCG,24,agree,60.0
Lega,24,disagree,50.0
FDP,25,disagree,12.834224598930483
JFS,25,disagree,10.576923076923077
EVP,25,agree,74.3801652892562
JEVP,25,agree,77.77777777777779
Grüne,25,agree,88.34688346883469
JG,25,agree,90.5829596412556
SP,25,agree,51.569506726457405
EDU,25,disagree,31.874999999999996
Parteilos,25,disagree,46.51162790697674
JUSO,25,disagree,26.08695652173913
Übrige,25,disagree,41.64383561643836
PdA,25,agree,64.28571428571429
GLP,25,disagree,40.65743944636678
JGLP,25,agree,51.36612021857923
SVP,25,disagree,7.076923076923077
Die Mitte,25,disagree,25.285714285714285
JM,25,disagree,37.33905579399141
JSVP,25,disagree,11.728395061728394
MCG,25,disagree,25.0
Lega,25,disagree,20.0
FDP,26,agree,78.87700534759358
JFS,26,agree,70.67307692307693
EVP,26,disagree,21.90082644628099
JEVP,26,disagree,12.345679012345679
Grüne,26,disagree,8.672086720867208
JG,26,disagree,2.690582959641256
SP,26,disagree,1.5695067264573992
EDU,26,disagree,34.375
Parteilos,26,disagree,31.3953488372093
JUSO,26,disagree,1.932367149758454
Übrige,26,disagree,31.59340659340659
PdA,26,disagree,0.0
GLP,26,agree,69.8961937716263
JGLP,26,agree,59.01639344262295
SVP,26,agree,53.39506172839506
Die Mitte,26,disagree,27.896995708154503
JM,26,disagree,20.085470085470085
JSVP,26,disagree,43.47826086956522
MCG,26,disagree,0.0
Lega,26,disagree,30.0
FDP,27,agree,57.48663101604278
JFS,27,agree,62.5
EVP,27,disagree,21.487603305785125
JEVP,27,disagree,14.814814814814813
Grüne,27,disagree,11.653116531165312
JG,27,disagree,5.829596412556054
SP,27,disagree,4.719101123595506
EDU,27,agree,79.24528301886792
Parteilos,27,disagree,36.04651162790697
JUSO,27,disagree,9.178743961352657
Übrige,27,disagree,47.671232876712324
PdA,27,disagree,30.357142857142854
GLP,27,disagree,8.823529411764707
JGLP,27,disagree,6.557377049180328
SVP,27,agree,80.61538461538461
Die Mitte,27,disagree,13.571428571428571
JM,27,disagree,14.957264957264957
JSVP,27,agree,78.88198757763976
MCG,27,disagree,45.0
Lega,27,agree,70.0
FDP,28,disagree,23.056300268096514
JFS,28,disagree,21.634615384615387
EVP,28,agree,69.42148760330579
JEVP,28,agree,83.75
Grüne,28,disagree,43.90243902439025
JG,28,agree,79.37219730941703
SP,28,agree,79.10112359550561
EDU,28,disagree,25.624999999999996
Parteilos,28,agree,59.30232558139535
JUSO,28,agree,89.85507246376811
Übrige,28,disagree,41.917808219178085
PdA,28,disagree,41.07142857142857
GLP,28,agree,82.17993079584775
JGLP,28,agree,78.14207650273224
SVP,28,disagree,15.123456790123457
Die Mitte,28,disagree,31.759656652360512
JM,28,disagree,34.763948497854074
JSVP,28,disagree,26.25
MCG,28,disagree,35.0
Lega,28,disagree,30.0
FDP,29,disagree,31.099195710455763
JFS,29,disagree,31.25
EVP,29,agree,56.016597510373444
JEVP,29,agree,70.37037037037037
Grüne,29,agree,91.869918699187
JG,29,agree,94.17040358744396
SP,29,agree,92.152466367713
EDU,29,disagree,35.0
Parteilos,29,agree,55.81395348837209
JUSO,29,agree,98.06763285024155
Übrige,29,agree,66.57534246575342
PdA,29,agree,96.42857142857143
GLP,29,agree,73.70242214532871
JGLP,29,agree,75.95628415300546
SVP,29,disagree,20.307692307692307
Die Mitte,29,disagree,43.06151645207439
JM,29,agree,54.506437768240346
JSVP,29,disagree,24.84472049689441
MCG,29,disagree,50.0
Lega,29,agree,70.0
FDP,30,agree,74.79892761394102
JFS,30,agree,70.1923076923077
EVP,30,agree,56.016597510373444
JEVP,30,disagree,46.913580246913575
Grüne,30,disagree,19.021739130434785
JG,30,disagree,8.071748878923767
SP,30,disagree,10.089686098654708
EDU,30,agree,57.861635220125784
Parteilos,30,agree,53.48837209302325
JUSO,30,disagree,3.3816425120772946
Übrige,30,disagree,47.12328767123288
PdA,30,disagree,12.5
GLP,30,disagree,26.989619377162633
JGLP,30,disagree,25.683060109289617
SVP,30,agree,78.15384615384615
Die Mitte,30,agree,64.09155937052932
JM,30,agree,55.55555555555556
JSVP,30,agree,74.53416149068323
MCG,30,disagree,35.0
Lega,30,disagree,50.0
FDP,31,agree,75.60321715817693
JFS,31,agree,69.71153846153845
EVP,31,agree,88.79668049792531
JEVP,31,agree,97.53086419753086
Grüne,31,agree,98.36956521739131
JG,31,agree,100.0
SP,31,agree,99.55156950672645
EDU,31,agree,55.00000000000001
Parteilos,31,agree,76.74418604651163
JUSO,31,agree,99.51690821256038
Übrige,31,agree,82.73972602739727
PdA,31,agree,100.0
GLP,31,agree,92.73356401384083
JGLP,31,agree,93.98907103825137
SVP,31,disagree,24.615384615384617
Die Mitte,31,agree,81.25894134477825
JM,31,agree,88.46153846153845
JSVP,31,disagree,31.67701863354037
MCG,31,agree,80.0
Lega,31,agree,70.0
FDP,32,disagree,11.528150134048257
JFS,32,disagree,12.440191387559809
EVP,32,disagree,28.63070539419087
JEVP,32,agree,54.32098765432099
Grüne,32,agree,90.5149051490515
JG,32,agree,96.8609865470852
SP,32,agree,96.63677130044843
EDU,32,disagree,5.625
Parteilos,32,disagree,30.23255813953488
JUSO,32,agree,98.55072463768117
Übrige,32,disagree,43.28767123287671
PdA,32,agree,98.18181818181819
GLP,32,agree,78.54671280276817
JGLP,32,agree,76.50273224043715
SVP,32,disagree,0.6172839506172839
Die Mitte,32,disagree,15.450643776824036
JM,32,disagree,23.076923076923077
JSVP,32,disagree,0.6211180124223602
MCG,32,disagree,10.0
Lega,32,disagree,0.0
FDP,33,agree,59.24932975871313
JFS,33,agree,63.63636363636363
EVP,33,agree,70.53941908713693
JEVP,33,agree,83.9506172839506
Grüne,33,agree,91.869918699187
JG,33,agree,94.17040358744396
SP,33,agree,91.4798206278027
EDU,33,disagree,27.044025157232703
Parteilos,33,agree,63.95348837209303
JUSO,33,agree,98.06763285024155
Übrige,33,agree,63.73626373626373
PdA,33,agree,81.81818181818183
GLP,33,agree,89.79238754325259
JGLP,33,agree,93.98907103825137
SVP,33,disagree,31.366459627329192
Die Mitte,33,disagree,45.05021520803443
JM,33,disagree,42.48927038626609
JSVP,33,disagree,19.25465838509317
MCG,33,disagree,15.0
Lega,33,disagree,20.0
FDP,34,agree,69.70509383378017
JFS,34,agree,58.85167464114832
EVP,34,disagree,16.59751037344398
JEVP,34,disagree,4.938271604938271
Grüne,34,disagree,5.9620596205962055
JG,34,disagree,3.1390134529147984
SP,34,disagree,5.168539325842696
EDU,34,agree,71.875
Parteilos,34,disagree,40.69767441860465
JUSO,34,disagree,5.314009661835748
Übrige,34,disagree,47.12328767123288
PdA,34,disagree,12.727272727272727
GLP,34,disagree,13.148788927335639
JGLP,34,disagree,13.114754098360656
SVP,34,agree,92.87925696594426
Die Mitte,34,disagree,28.263988522238165
JM,34,disagree,30.472103004291846
JSVP,34,agree,86.95652173913044
MCG,34,disagree,50.0
Lega,34,agree,60.0
FDP,35,disagree,23.324396782841823
JFS,35,disagree,22.48803827751196
EVP,35,agree,55.18672199170125
JEVP,35,agree,66.66666666666666
Grüne,35,agree,97.01897018970189
JG,35,agree,97.30941704035875
SP,35,agree,98.65470852017937
EDU,35,disagree,10.69182389937107
Parteilos,35,disagree,47.674418604651166
JUSO,35,agree,100.0
Übrige,35,agree,54.794520547945204
PdA,35,agree,98.18181818181819
GLP,35,agree,83.21799307958477
JGLP,35,agree,86.33879781420765
SVP,35,disagree,4.320987654320987
Die Mitte,35,disagree,32.5214899713467
JM,35,disagree,36.9098712446352
JSVP,35,disagree,4.3478260869565215
MCG,35,disagree,30.0
Lega,35,disagree,10.0
FDP,36,agree,66.39784946236558
JFS,36,agree,90.43062200956938
EVP,36,disagree,16.182572614107883
JEVP,36,disagree,34.5679012345679
Grüne,36,agree,91.84782608695652
JG,36,agree,95.96412556053812
SP,36,agree,91.25560538116592
EDU,36,disagree,9.375
Parteilos,36,disagree,46.51162790697674
JUSO,36,agree,96.1352657004831
Übrige,36,agree,77.53424657534246
PdA,36,agree,89.0909090909091
GLP,36,agree,89.96539792387543
JGLP,36,agree,91.2568306010929
SVP,36,disagree,23.765432098765434
Die Mitte,36,agree,57.163323782234954
JM,36,agree,72.96137339055794
JSVP,36,disagree,37.88819875776397
MCG,36,disagree,45.0
Lega,36,disagree,30.0
FDP,37,agree,86.82795698924731
JFS,37,agree,88.03827751196172
EVP,37,disagree,9.12863070539419
JEVP,37,disagree,17.28395061728395
Grüne,37,agree,84.51086956521739
JG,37,agree,95.06726457399103
SP,37,agree,80.49327354260089
EDU,37,disagree,1.8867924528301887
Parteilos,37,disagree,43.02325581395349
JUSO,37,agree,93.23671497584542
Übrige,37,agree,69.31506849315069
PdA,37,agree,80.0
GLP,37,agree,92.38754325259517
JGLP,37,agree,93.44262295081968
SVP,37,agree,52.32198142414861
Die Mitte,37,agree,64.99282639885222
JM,37,agree,73.39055793991416
JSVP,37,agree,59.006211180124225
MCG,37,agree,75.0
Lega,37,agree,70.0
FDP,38,disagree,19.086021505376344
JFS,38,disagree,31.100478468899524
EVP,38,disagree,22.821576763485478
JEVP,38,disagree,29.629629629629626
Grüne,38,agree,93.47826086956522
JG,38,agree,98.20627802690582
SP,38,agree,91.25560538116592
EDU,38,disagree,0.628930817610063
Parteilos,38,disagree,20.930232558139537
JUSO,38,agree,97.58454106280193
Übrige,38,disagree,35.61643835616438
PdA,38,agree,85.45454545454545
GLP,38,agree,70.76124567474048
JGLP,38,agree,81.9672131147541
SVP,38,disagree,0.6191950464396285
Die Mitte,38,disagree,23.52941176470588
JM,38,disagree,36.48068669527897
JSVP,38,disagree,1.8633540372670807
MCG,38,disagree,5.0
Lega,38,disagree,0.0
FDP,39,agree,91.93548387096774
JFS,39,agree,92.34449760765551
EVP,39,disagree,44.81327800829876
JEVP,39,agree,62.96296296296296
Grüne,39,agree,98.91598915989161
JG,39,agree,100.0
SP,39,agree,98.87892376681614
EDU,39,disagree,5.031446540880504
Parteilos,39,agree,55.81395348837209
JUSO,39,agree,100.0
Übrige,39,agree,75.89041095890411
PdA,39,agree,100.0
GLP,39,agree,98.6159169550173
JGLP,39,agree,100.0
SVP,39,disagree,45.03105590062112
Die Mitte,39,agree,88.68194842406876
JM,39,agree,92.27467811158799
JSVP,39,agree,54.037267080745345
MCG,39,agree,95.0
Lega,39,disagree,30.0
FDP,40,agree,89.51612903225806
JFS,40,agree,92.82296650717703
EVP,40,disagree,17.842323651452283
JEVP,40,disagree,17.5
Grüne,40,disagree,8.401084010840108
JG,40,disagree,6.278026905829597
SP,40,disagree,6.726457399103139
EDU,40,agree,68.55345911949685
Parteilos,40,disagree,45.348837209302324
JUSO,40,disagree,8.695652173913043
Übrige,40,agree,53.84615384615385
PdA,40,disagree,16.363636363636363
GLP,40,disagree,22.664359861591695
JGLP,40,disagree,18.0327868852459
SVP,40,agree,94.42724458204334
Die Mitte,40,disagree,35.53008595988539
JM,40,disagree,40.772532188841204
JSVP,40,agree,94.40993788819875
MCG,40,agree,90.0
Lega,40,agree,90.0
FDP,41,agree,94.6236559139785
JFS,41,agree,97.1291866028708
EVP,41,disagree,46.47302904564315
JEVP,41,disagree,41.25
Grüne,41,agree,93.75
JG,41,agree,95.51569506726457
SP,41,agree,95.96412556053812
EDU,41,disagree,46.25
Parteilos,41,agree,67.44186046511628
JUSO,41,agree,95.65217391304348
Übrige,41,agree,81.04395604395604
PdA,41,agree,63.63636363636363
GLP,41,agree,97.23183391003461
JGLP,41,agree,95.08196721311475
SVP,41,agree,60.99071207430341
Die Mitte,41,disagree,39.68481375358166
JM,41,disagree,46.98275862068966
JSVP,41,agree,63.35403726708074
MCG,41,agree,65.0
Lega,41,disagree,50.0
FDP,42,disagree,6.720430107526881
JFS,42,disagree,6.220095693779904
EVP,42,agree,81.74273858921161
JEVP,42,agree,88.75
Grüne,42,agree,95.1086956521739
JG,42,agree,95.96412556053812
SP,42,agree,95.06726457399103
EDU,42,disagree,31.446540880503143
Parteilos,42,agree,56.97674418604651
JUSO,42,agree,99.51690821256038
Übrige,42,agree,54.12087912087912
PdA,42,agree,94.54545454545455
GLP,42,agree,54.844290657439444
JGLP,42,agree,62.295081967213115
SVP,42,disagree,5.555555555555555
Die Mitte,42,disagree,34.95702005730659
JM,42,disagree,36.05150214592275
JSVP,42,disagree,5.590062111801243
MCG,42,disagree,20.0
Lega,42,disagree,40.0
FDP,43,disagree,20.967741935483872
JFS,43,disagree,14.832535885167463
EVP,43,agree,79.25311203319502
JEVP,43,agree,82.5
Grüne,43,agree,94.29347826086956
JG,43,agree,98.65470852017937
SP,43,agree,93.48314606741573
EDU,43,disagree,40.88050314465409
Parteilos,43,agree,73.25581395348837
JUSO,43,agree,99.51690821256038
Übrige,43,agree,51.64835164835166
PdA,43,agree,90.9090909090909
GLP,43,agree,75.77854671280276
JGLP,43,agree,81.4207650273224
SVP,43,disagree,24.22360248447205
Die Mitte,43,agree,70.91690544412607
JM,43,agree,58.189655172413794
JSVP,43,disagree,32.91925465838509
MCG,43,disagree,40.0
Lega,43,agree,80.0
FDP,44,disagree,12.096774193548388
JFS,44,disagree,11.004784688995215
EVP,44,agree,52.69709543568465
JEVP,44,agree,71.60493827160494
Grüne,44,agree,96.4769647696477
JG,44,agree,98.65470852017937
SP,44,agree,99.77578475336323
EDU,44,disagree,33.33333333333333
Parteilos,44,agree,55.294117647058826
JUSO,44,agree,99.51690821256038
Übrige,44,agree,63.18681318681318
PdA,44,agree,100.0
GLP,44,disagree,28.892733564013838
JGLP,44,disagree,26.775956284153008
SVP,44,disagree,8.385093167701864
Die Mitte,44,disagree,31.37535816618911
JM,44,disagree,40.343347639484975
JSVP,44,disagree,19.875776397515526
MCG,44,disagree,35.0
Lega,44,agree,70.0
FDP,45,agree,59.67741935483871
JFS,45,disagree,47.11538461538461
EVP,45,agree,95.0207468879668
JEVP,45,agree,93.75
Grüne,45,agree,99.45799457994579
JG,45,agree,100.0
SP,45,agree,99.32735426008968
EDU,45,agree,78.61635220125787
Parteilos,45,agree,87.05882352941177
JUSO,45,agree,100.0
Übrige,45,agree,73.07692307692307
PdA,45,agree,94.54545454545455
GLP,45,agree,88.75432525951558
JGLP,45,agree,90.1639344262295
SVP,45,disagree,47.66355140186916
Die Mitte,45,agree,83.95415472779369
JM,45,agree,82.40343347639485
JSVP,45,disagree,39.130434782608695
MCG,45,agree,60.0
Lega,45,agree,90.0
FDP,46,agree,86.82795698924731
JFS,46,agree,91.82692307692307
EVP,46,disagree,47.71784232365145
JEVP,46,disagree,43.75
Grüne,46,disagree,21.40921409214092
JG,46,disagree,8.968609865470851
SP,46,disagree,18.161434977578477
EDU,46,agree,52.20125786163522
Parteilos,46,agree,61.1764705882353
JUSO,46,disagree,7.246376811594203
Übrige,46,agree,56.043956043956044
PdA,46,disagree,9.090909090909092
GLP,46,agree,91.34948096885813
JGLP,46,agree,87.43169398907104
SVP,46,agree,73.5202492211838
Die Mitte,46,disagree,44.126074498567334
JM,46,disagree,43.53448275862069
JSVP,46,agree,79.5031055900621
MCG,46,agree,65.0
Lega,46,agree,80.0
FDP,47,agree,89.24731182795699
JFS,47,agree,90.86538461538461
EVP,47,agree,58.921161825726145
JEVP,47,agree,68.75
Grüne,47,disagree,11.956521739130435
JG,47,disagree,4.932735426008969
SP,47,disagree,17.713004484304935
EDU,47,agree,68.55345911949685
Parteilos,47,agree,61.1764705882353
JUSO,47,disagree,6.280193236714976
Übrige,47,disagree,45.32967032967033
PdA,47,disagree,10.909090909090908
GLP,47,agree,80.79584775086505
JGLP,47,agree,69.39890710382514
SVP,47,agree,80.99688473520249
Die Mitte,47,agree,74.64183381088824
JM,47,agree,68.53448275862068
JSVP,47,agree,70.80745341614907
MCG,47,agree,55.00000000000001
Lega,47,agree,80.0
FDP,48,disagree,22.311827956989248
JFS,48,disagree,22.966507177033492
EVP,48,agree,75.93360995850622
JEVP,48,agree,93.82716049382715
Grüne,48,agree,97.8319783197832
JG,48,agree,100.0
SP,48,agree,99.10313901345292
EDU,48,disagree,32.70440251572327
Parteilos,48,agree,68.23529411764706
JUSO,48,agree,99.51690821256038
Übrige,48,agree,59.34065934065934
PdA,48,agree,100.0
GLP,48,agree,82.52595155709342
JGLP,48,agree,88.52459016393442
SVP,48,disagree,22.049689440993788
Die Mitte,48,agree,71.63323782234957
JM,48,agree,78.54077253218884
JSVP,48,disagree,21.11801242236025
MCG,48,agree,90.0
Lega,48,agree,80.0
FDP,49,agree,91.39784946236558
JFS,49,agree,89.95215311004785
EVP,49,disagree,33.19502074688796
JEVP,49,disagree,30.864197530864196
Grüne,49,disagree,1.8970189701897018
JG,49,disagree,0.8968609865470852
SP,49,disagree,7.399103139013453
EDU,49,agree,75.47169811320755
Parteilos,49,agree,61.1764705882353
JUSO,49,disagree,3.3816425120772946
Übrige,49,disagree,47.527472527472526
PdA,49,disagree,16.363636363636363
GLP,49,disagree,18.5121107266436
JGLP,49,disagree,9.836065573770492
SVP,49,agree,96.8944099378882
Die Mitte,49,agree,73.20916905444126
JM,49,agree,71.24463519313305
JSVP,49,agree,93.7888198757764
MCG,49,agree,90.0
Lega,49,agree,90.0
FDP,50,disagree,8.355795148247978
JFS,50,disagree,9.569377990430622
EVP,50,agree,51.45228215767634
JEVP,50,agree,58.0246913580247
Grüne,50,agree,96.73913043478261
JG,50,agree,97.75784753363229
SP,50,agree,93.27354260089686
EDU,50,disagree,1.8867924528301887
Parteilos,50,disagree,36.470588235294116
JUSO,50,agree,93.71980676328504
Übrige,50,disagree,41.208791208791204
PdA,50,agree,76.36363636363637
GLP,50,agree,83.91003460207612
JGLP,50,agree,85.79234972677595
SVP,50,disagree,1.8633540372670807
Die Mitte,50,disagree,32.09169054441261
JM,50,disagree,30.472103004291846
JSVP,50,disagree,0.6211180124223602
MCG,50,disagree,15.0
Lega,50,disagree,0.0
FDP,51,agree,92.99191374663073
JFS,51,agree,93.77990430622009
EVP,51,disagree,49.79253112033195
JEVP,51,disagree,31.25
Grüne,51,disagree,9.48509485094851
JG,51,disagree,4.0358744394618835
SP,51,disagree,15.246636771300448
EDU,51,agree,88.67924528301887
Parteilos,51,agree,64.70588235294117
JUSO,51,disagree,5.314009661835748
Übrige,51,agree,55.494505494505496
PdA,51,disagree,16.363636363636363
GLP,51,agree,77.85467128027682
JGLP,51,agree,73.224043715847
SVP,51,agree,98.13664596273291
Die Mitte,51,agree,76.93409742120345
JM,51,agree,71.24463519313305
JSVP,51,agree,96.8944099378882
MCG,51,agree,90.0
Lega,51,agree,80.0
FDP,52,agree,91.10512129380054
JFS,52,agree,85.16746411483254
EVP,52,agree,80.49792531120332
JEVP,52,agree,87.65432098765432
Grüne,52,disagree,21.467391304347828
JG,52,disagree,21.076233183856502
SP,52,agree,73.03370786516854
EDU,52,agree,51.57232704402516
Parteilos,52,agree,67.05882352941175
JUSO,52,disagree,42.99516908212561
Übrige,52,disagree,35.16483516483517
PdA,52,disagree,47.27272727272727
GLP,52,agree,84.94809688581316
JGLP,52,agree,93.44262295081968
SVP,52,disagree,49.378881987577635
Die Mitte,52,agree,86.81948424068769
JM,52,agree,81.54506437768241
JSVP,52,disagree,39.75155279503105
MCG,52,agree,65.0
Lega,52,disagree,50.0
FDP,53,agree,78.16711590296495
JFS,53,agree,88.99521531100478
EVP,53,disagree,17.012448132780083
JEVP,53,disagree,14.814814814814813
Grüne,53,disagree,0.8130081300813009
JG,53,disagree,2.242152466367713
SP,53,disagree,1.1210762331838564
EDU,53,agree,76.25
Parteilos,53,disagree,47.05882352941176
JUSO,53,disagree,6.763285024154589
Übrige,53,disagree,44.78021978021978
PdA,53,disagree,16.363636363636363
GLP,53,disagree,8.650519031141869
JGLP,53,disagree,13.114754098360656
SVP,53,agree,96.27329192546584
Die Mitte,53,disagree,25.787965616045845
JM,53,disagree,24.892703862660944
JSVP,53,agree,96.8944099378882
MCG,53,agree,60.0
Lega,53,agree,90.0
FDP,54,agree,57.41239892183289
JFS,54,agree,62.20095693779905
EVP,54,agree,87.96680497925311
JEVP,54,agree,95.06172839506173
Grüne,54,agree,98.36956521739131
JG,54,agree,100.0
SP,54,agree,99.55156950672645
EDU,54,agree,79.375
Parteilos,54,agree,85.88235294117646
JUSO,54,agree,99.51690821256038
Übrige,54,agree,70.87912087912088
PdA,54,agree,100.0
GLP,54,agree,91.00346020761245
JGLP,54,agree,92.34972677595628
SVP,54,agree,87.88819875776397
Die Mitte,54,agree,93.55300859598854
JM,54,agree,95.27896995708154
JSVP,54,agree,81.25
MCG,54,agree,100.0
Lega,54,agree,100.0
FDP,55,disagree,16.172506738544474
JFS,55,disagree,19.32367149758454
EVP,55,disagree,47.71784232365145
JEVP,55,agree,60.0
Grüne,55,agree,91.32791327913279
JG,55,agree,96.8609865470852
SP,55,disagree,43.49775784753363
EDU,55,disagree,23.89937106918239
Parteilos,55,disagree,40.0
JUSO,55,disagree,28.985507246376812
Übrige,55,disagree,44.78021978021978
PdA,55,agree,72.72727272727273
GLP,55,agree,84.42906574394463
JGLP,55,agree,87.43169398907104
SVP,55,disagree,9.627329192546584
Die Mitte,55,disagree,32.37822349570201
JM,55,disagree,30.90128755364807
JSVP,55,disagree,13.043478260869565
MCG,55,disagree,25.0
Lega,55,disagree,20.0
FDP,56,agree,65.32258064516128
JFS,56,agree,62.019230769230774
EVP,56,disagree,45.22821576763486
JEVP,56,disagree,27.160493827160494
Grüne,56,disagree,5.420054200542006
JG,56,disagree,1.345291479820628
SP,56,disagree,12.556053811659194
EDU,56,agree,77.35849056603774
Parteilos,56,agree,51.76470588235295
JUSO,56,disagree,4.3478260869565215
Übrige,56,disagree,29.55801104972376
PdA,56,disagree,14.545454545454545
GLP,56,disagree,12.629757785467127
JGLP,56,disagree,5.46448087431694
SVP,56,agree,81.05590062111801
Die Mitte,56,agree,63.180515759312314
JM,56,disagree,43.103448275862064
JSVP,56,agree,73.29192546583852
MCG,56,disagree,40.0
Lega,56,agree,80.0
FDP,57,disagree,22.10242587601078
JFS,57,disagree,25.48076923076923
EVP,57,agree,72.19917012448133
JEVP,57,agree,71.60493827160494
Grüne,57,agree,95.9349593495935
JG,57,agree,95.51569506726457
SP,57,agree,91.68539325842696
EDU,57,disagree,16.352201257861633
Parteilos,57,agree,58.82352941176471
JUSO,57,agree,91.30434782608695
Übrige,57,agree,52.61707988980716
PdA,57,agree,65.45454545454545
GLP,57,agree,94.11764705882352
JGLP,57,agree,94.53551912568307
SVP,57,disagree,8.09968847352025
Die Mitte,57,disagree,36.10315186246418
JM,57,disagree,43.103448275862064
JSVP,57,disagree,11.801242236024844
MCG,57,disagree,35.0
Lega,57,disagree,40.0
FDP,58,disagree,33.87096774193548
JFS,58,disagree,34.13461538461539
EVP,58,agree,72.19917012448133
JEVP,58,agree,73.75
Grüne,58,agree,98.36956521739131
JG,58,agree,99.55156950672645
SP,58,agree,96.40449438202248
EDU,58,disagree,23.89937106918239
Parteilos,58,agree,64.70588235294117
JUSO,58,agree,99.51690821256038
Übrige,58,agree,65.84022038567493
PdA,58,agree,90.9090909090909
GLP,58,agree,94.63667820069203
JGLP,58,agree,96.17486338797814
SVP,58,disagree,18.69158878504673
Die Mitte,58,disagree,39.25501432664756
JM,58,agree,52.1551724137931
JSVP,58,disagree,18.633540372670808
MCG,58,agree,75.0
Lega,58,disagree,40.0
FDP,59,disagree,27.1505376344086
JFS,59,disagree,33.33333333333333
EVP,59,agree,79.25311203319502
JEVP,59,agree,91.25
Grüne,59,agree,98.6413043478261
JG,59,agree,100.0
SP,59,agree,97.97752808988764
EDU,59,disagree,23.89937106918239
Parteilos,59,agree,67.05882352941175
JUSO,59,agree,100.0
Übrige,59,agree,64.73829201101928
PdA,59,agree,100.0
GLP,59,agree,96.53979238754326
JGLP,59,agree,96.72131147540983
SVP,59,disagree,13.395638629283487
Die Mitte,59,disagree,43.6154949784792
JM,59,agree,55.172413793103445
JSVP,59,disagree,29.81366459627329
MCG,59,agree,68.42105263157895
Lega,59,disagree,22.22222222222222
FDP,0,disagree,35.483870967741936
JFS,0,disagree,27.403846153846157
EVP,0,agree,86.30705394190872
JEVP,0,agree,86.41975308641975
Grüne,0,agree,97.55434782608695
JG,0,agree,98.20627802690582
SP,0,agree,97.52808988764045
EDU,0,disagree,43.75
Parteilos,0,agree,69.41176470588235
JUSO,0,agree,99.03381642512076
Übrige,0,agree,60.43956043956044
PdA,0,agree,98.18181818181819
GLP,0,agree,90.65743944636678
JGLP,0,agree,94.53551912568307
SVP,0,disagree,28.037383177570092
Die Mitte,0,agree,78.51002865329512
JM,0,agree,83.1896551724138
JSVP,0,disagree,26.70807453416149
MCG,0,agree,68.42105263157895
Lega,0,agree,66.66666666666666
FDP,1,agree,64.24731182795699
JFS,1,agree,55.28846153846154
EVP,1,agree,94.1908713692946
JEVP,1,agree,96.29629629629629
Grüne,1,agree,100.0
JG,1,agree,100.0
SP,1,agree,98.42696629213484
EDU,1,agree,61.0062893081761
Parteilos,1,agree,78.82352941176471
JUSO,1,agree,99.51690821256038
Übrige,1,agree,71.7032967032967
PdA,1,agree,100.0
GLP,1,agree,93.59861591695503
JGLP,1,agree,96.72131147540983
SVP,1,disagree,33.95638629283489
Die Mitte,1,agree,86.10315186246417
JM,1,agree,90.08620689655173
JSVP,1,agree,50.31055900621118
MCG,1,agree,84.21052631578947
Lega,1,agree,88.88888888888889
FDP,2,agree,95.95687331536388
JFS,2,agree,96.61835748792271
EVP,2,agree,66.39004149377593
JEVP,2,agree,77.77777777777779
Grüne,2,disagree,41.57608695652174
JG,2,disagree,44.39461883408072
SP,2,agree,81.57303370786518
EDU,2,disagree,31.446540880503143
Parteilos,2,agree,63.52941176470588
JUSO,2,agree,88.88888888888889
Übrige,2,disagree,40.65934065934066
PdA,2,disagree,27.27272727272727
GLP,2,agree,91.52249134948097
JGLP,2,agree,92.34972677595628
SVP,2,agree,82.55451713395638
Die Mitte,2,agree,89.54154727793696
JM,2,agree,91.8103448275862
JSVP,2,agree,85.71428571428571
MCG,2,agree,94.73684210526315
Lega,2,agree,100.0
FDP,3,agree,78.16711590296495
JFS,3,agree,75.84541062801932
EVP,3,agree,78.00829875518673
JEVP,3,agree,87.5
Grüne,3,agree,86.95652173913044
JG,3,agree,94.61883408071749
SP,3,agree,91.25560538116592
EDU,3,disagree,21.38364779874214
Parteilos,3,agree,62.35294117647059
JUSO,3,agree,96.61835748792271
Übrige,3,disagree,46.28099173553719
PdA,3,agree,61.81818181818181
GLP,3,agree,89.61937716262976
JGLP,3,agree,96.17486338797814
SVP,3,disagree,21.18380062305296
Die Mitte,3,agree,80.65902578796562
JM,3,agree,78.87931034482759
JSVP,3,disagree,28.57142857142857
MCG,3,disagree,47.368421052631575
Lega,3,disagree,33.33333333333333
FDP,4,disagree,46.36118598382749
JFS,4,disagree,37.5
EVP,4,agree,93.7759336099585
JEVP,4,agree,88.75
Grüne,4,agree,98.36956521739131
JG,4,agree,99.55156950672645
SP,4,agree,98.65470852017937
EDU,4,agree,54.088050314465406
Parteilos,4,agree,77.64705882352942
JUSO,4,agree,100.0
Übrige,4,agree,52.892561983471076
PdA,4,agree,94.54545454545455
GLP,4,agree,93.59861591695503
JGLP,4,agree,93.98907103825137
SVP,4,disagree,40.809968847352025
Die Mitte,4,agree,90.2439024390244
JM,4,agree,88.36206896551724
JSVP,4,disagree,37.267080745341616
MCG,4,agree,73.68421052631578
Lega,4,agree,77.77777777777779
FDP,5,agree,69.2722371967655
JFS,5,agree,84.05797101449275
EVP,5,disagree,27.800829875518673
JEVP,5,disagree,23.456790123456788
Grüne,5,disagree,6.7934782608695645
JG,5,disagree,5.381165919282512
SP,5,disagree,6.726457399103139
EDU,5,agree,94.33962264150944
Parteilos,5,agree,52.94117647058824
JUSO,5,disagree,5.797101449275362
Übrige,5,agree,59.77961432506888
PdA,5,disagree,21.818181818181817
GLP,5,disagree,16.26297577854671
JGLP,5,disagree,18.0327868852459
SVP,5,agree,98.4423676012461
Die Mitte,5,disagree,24.641833810888254
JM,5,disagree,32.327586206896555
JSVP,5,agree,96.8944099378882
MCG,5,agree,78.94736842105263
Lega,5,agree,88.88888888888889
FDP,6,disagree,12.398921832884097
JFS,6,disagree,15.384615384615385
EVP,6,disagree,44.81327800829876
JEVP,6,agree,60.49382716049383
Grüne,6,agree,90.48913043478261
JG,6,agree,97.75784753363229
SP,6,agree,93.03370786516854
EDU,6,disagree,1.257861635220126
Parteilos,6,disagree,29.411764705882355
JUSO,6,agree,96.61835748792271
Übrige,6,disagree,39.11845730027548
PdA,6,agree,72.72727272727273
GLP,6,agree,77.85467128027682
JGLP,6,agree,79.78142076502732
SVP,6,disagree,1.2461059190031152
Die Mitte,6,disagree,30.37249283667622
JM,6,disagree,38.793103448275865
JSVP,6,disagree,0.6211180124223602
MCG,6,disagree,5.263157894736842
Lega,6,agree,55.55555555555556
FDP,7,disagree,17.52021563342318
JFS,7,disagree,47.34299516908212
EVP,7,disagree,32.780082987551864
JEVP,7,disagree,37.5
Grüne,7,disagree,30.434782608695656
JG,7,disagree,33.6322869955157
SP,7,disagree,25.56053811659193
EDU,7,agree,79.24528301886792
Parteilos,7,agree,54.11764705882353
JUSO,7,disagree,25.120772946859905
Übrige,7,agree,78.78787878787878
PdA,7,agree,92.72727272727272
GLP,7,agree,84.60207612456747
JGLP,7,agree,80.32786885245902
SVP,7,agree,80.06230529595015
Die Mitte,7,disagree,18.48137535816619
JM,7,disagree,30.17241379310345
JSVP,7,agree,82.6086956521739
MCG,7,agree,57.89473684210527
Lega,7,agree,77.77777777777779
FDP,8,agree,83.28840970350404
JFS,8,agree,62.980769230769226
EVP,8,disagree,40.66390041493776
JEVP,8,disagree,25.0
Grüne,8,disagree,3.260869565217391
JG,8,disagree,0.8968609865470852
SP,8,disagree,5.605381165919283
EDU,8,agree,81.13207547169812
Parteilos,8,agree,54.11764705882353
JUSO,8,disagree,0.966183574879227
Übrige,8,disagree,40.055248618784525
PdA,8,disagree,3.6363636363636362
GLP,8,disagree,15.7439446366782
JGLP,8,disagree,9.836065573770492
SVP,8,agree,94.39252336448598
Die Mitte,8,agree,69.77077363896849
JM,8,agree,56.896551724137936
JSVP,8,agree,93.7888198757764
MCG,8,agree,72.22222222222221
Lega,8,agree,88.88888888888889
FDP,9,agree,88.40970350404312
JFS,9,agree,73.5576923076923
EVP,9,agree,68.46473029045643
JEVP,9,disagree,38.75
Grüne,9,disagree,32.065217391304344
JG,9,disagree,16.591928251121075
SP,9,disagree,41.12359550561798
EDU,9,disagree,11.949685534591195
Parteilos,9,disagree,48.23529411764706
JUSO,9,disagree,9.66183574879227
Übrige,9,disagree,20.718232044198896
PdA,9,disagree,1.8181818181818181
GLP,9,agree,91.86851211072664
JGLP,9,agree,81.4207650273224
SVP,9,disagree,7.165109034267912
Die Mitte,9,agree,84.38395415472779
JM,9,agree,71.12068965517241
JSVP,9,disagree,11.180124223602485
MCG,9,disagree,27.77777777777778
Lega,9,disagree,22.22222222222222
FDP,10,agree,82.47978436657682
JFS,10,agree,74.03846153846155
EVP,10,agree,67.21991701244814
JEVP,10,agree,65.0
Grüne,10,disagree,39.40217391304348
JG,10,disagree,19.730941704035875
SP,10,agree,72.42152466367713
EDU,10,disagree,21.38364779874214
Parteilos,10,disagree,49.411764705882355
JUSO,10,agree,68.11594202898551
Übrige,10,disagree,31.491712707182316
PdA,10,disagree,5.454545454545454
GLP,10,agree,90.3114186851211
JGLP,10,agree,76.50273224043715
SVP,10,disagree,11.526479750778815
Die Mitte,10,agree,82.9512893982808
JM,10,agree,62.93103448275862
JSVP,10,disagree,14.374999999999998
MCG,10,disagree,36.84210526315789
Lega,10,disagree,11.11111111111111
FDP,11,agree,67.11590296495957
JFS,11,agree,77.88461538461539
EVP,11,agree,63.07053941908713
JEVP,11,agree,70.37037037037037
Grüne,11,agree,92.93478260869566
JG,11,agree,96.8609865470852
SP,11,agree,91.4798206278027
EDU,11,agree,87.42138364779875
Parteilos,11,agree,61.1764705882353
JUSO,11,agree,96.1352657004831
Übrige,11,agree,90.02770083102493
PdA,11,agree,94.54545454545455
GLP,11,agree,84.2560553633218
JGLP,11,agree,84.15300546448088
SVP,11,disagree,48.598130841121495
Die Mitte,11,agree,65.18624641833811
JM,11,agree,70.6896551724138
JSVP,11,agree,68.32298136645963
MCG,11,agree,57.89473684210527
Lega,11,agree,55.55555555555556
FDP,12,disagree,3.7735849056603774
JFS,12,disagree,7.211538461538461
EVP,12,disagree,5.809128630705394
JEVP,12,disagree,4.938271604938271
Grüne,12,disagree,0.8152173913043478
JG,12,disagree,0.0
SP,12,disagree,1.5695067264573992
EDU,12,agree,71.0691823899371
Parteilos,12,disagree,22.35294117647059
JUSO,12,disagree,0.966183574879227
Übrige,12,disagree,44.47513812154696
PdA,12,disagree,16.363636363636363
GLP,12,disagree,1.7301038062283738
JGLP,12,disagree,1.639344262295082
SVP,12,agree,86.91588785046729
Die Mitte,12,disagree,6.303724928366762
JM,12,disagree,9.913793103448276
JSVP,12,agree,91.25
MCG,12,agree,63.1578947368421
Lega,12,agree,100.0
FDP,13,agree,86.79245283018868
JFS,13,agree,66.82692307692307
EVP,13,agree,75.51867219917013
JEVP,13,agree,80.24691358024691
Grüne,13,agree,96.19565217391305
JG,13,agree,95.96412556053812
SP,13,agree,96.62921348314607
EDU,13,disagree,7.547169811320755
Parteilos,13,agree,55.294117647058826
JUSO,13,agree,90.82125603864735
Übrige,13,disagree,44.751381215469614
PdA,13,disagree,27.27272727272727
GLP,13,agree,96.53979238754326
JGLP,13,agree,95.62841530054644
SVP,13,disagree,7.165109034267912
Die Mitte,13,agree,82.23495702005731
JM,13,agree,75.0
JSVP,13,disagree,2.5
MCG,13,disagree,42.10526315789473
Lega,13,disagree,22.22222222222222
FDP,14,agree,85.98382749326146
JFS,14,agree,89.90384615384616
EVP,14,disagree,30.29045643153527
JEVP,14,disagree,37.5
Grüne,14,disagree,8.967391304347826
JG,14,disagree,5.381165919282512
SP,14,disagree,21.573033707865168
EDU,14,disagree,46.540880503144656
Parteilos,14,disagree,38.82352941176471
JUSO,14,disagree,6.763285024154589
Übrige,14,disagree,37.67313019390582
PdA,14,disagree,3.6363636363636362
GLP,14,agree,88.23529411764706
JGLP,14,agree,76.50273224043715
SVP,14,agree,57.3208722741433
Die Mitte,14,disagree,41.69054441260745
JM,14,disagree,46.12068965517241
JSVP,14,agree,55.625
MCG,14,disagree,15.789473684210526
Lega,14,agree,55.55555555555556
FDP,15,disagree,22.641509433962266
JFS,15,disagree,21.634615384615387
EVP,15,agree,94.6058091286307
JEVP,15,agree,96.25
Grüne,15,agree,99.72752043596729
JG,15,agree,100.0
SP,15,agree,99.5505617977528
EDU,15,agree,56.875
Parteilos,15,agree,77.64705882352942
JUSO,15,agree,100.0
Übrige,15,agree,68.14404432132964
PdA,15,agree,100.0
GLP,15,agree,94.11764705882352
JGLP,15,agree,96.72131147540983
SVP,15,disagree,20.87227414330218
Die Mitte,15,agree,81.37535816618912
JM,15,agree,86.20689655172413
JSVP,15,disagree,28.125
MCG,15,agree,68.42105263157895
Lega,15,agree,77.77777777777779
FDP,16,disagree,3.5040431266846364
JFS,16,disagree,8.653846153846153
EVP,16,disagree,7.883817427385892
JEVP,16,disagree,6.172839506172839
Grüne,16,disagree,0.8174386920980926
JG,16,disagree,0.8968609865470852
SP,16,disagree,1.3513513513513513
EDU,16,agree,64.15094339622641
Parteilos,16,disagree,27.058823529411764
JUSO,16,disagree,1.4492753623188406
Übrige,16,disagree,40.443213296398895
PdA,16,disagree,12.727272727272727
GLP,16,disagree,2.5951557093425603
JGLP,16,disagree,1.092896174863388
SVP,16,agree,78.81619937694704
Die Mitte,16,disagree,5.730659025787966
JM,16,disagree,7.327586206896551
JSVP,16,agree,88.125
MCG,16,agree,57.89473684210527
Lega,16,agree,88.88888888888889
FDP,17,disagree,11.621621621621623
JFS,17,disagree,23.557692307692307
EVP,17,disagree,12.863070539419086
JEVP,17,disagree,8.75
Grüne,17,disagree,4.904632152588556
JG,17,disagree,2.242152466367713
SP,17,disagree,4.719101123595506
EDU,17,agree,79.24528301886792
Parteilos,17,disagree,41.17647058823529
JUSO,17,disagree,4.3478260869565215
Übrige,17,agree,56.50969529085873
PdA,17,agree,74.54545454545455
GLP,17,disagree,4.1522491349480966
JGLP,17,disagree,9.289617486338798
SVP,17,agree,95.32710280373831
Die Mitte,17,disagree,10.17191977077364
JM,17,disagree,23.275862068965516
JSVP,17,agree,95.625
MCG,17,agree,63.1578947368421
Lega,17,agree,100.0
