model,country,template_id,party,answered_stats_model,total_stats,answered_stats_party,answered_stats_party_and_model,rile,n_matches,relative_matches_model,relative_matches_stats
LLAMA2-70b,de,25,cdu,17,38,29,10,center,4,23.52941176470588,10.526315789473683
LLAMA2-70b,de,25,spd,17,38,38,17,left,16,94.11764705882352,42.10526315789473
LLAMA2-70b,de,25,afd,17,38,36,17,right,1,5.88235294117647,2.631578947368421
LLAMA2-70b,de,25,fdp,17,38,29,11,right,5,29.411764705882355,13.157894736842104
LLAMA2-70b,de,25,linke,17,38,36,17,left,17,100.0,44.73684210526316
LLAMA2-70b,de,25,grunen,17,38,36,17,left,16,94.11764705882352,42.10526315789473
LLAMA2-7b,de,4,cdu,2,38,29,1,center,1,50.0,2.631578947368421
LLAMA2-7b,de,4,spd,2,38,38,2,left,2,100.0,5.263157894736842
LLAMA2-7b,de,4,afd,2,38,36,2,right,0,0.0,0.0
LLAMA2-7b,de,4,fdp,2,38,29,1,right,0,0.0,0.0
LLAMA2-7b,de,4,linke,2,38,36,2,left,2,100.0,5.263157894736842
LLAMA2-7b,de,4,grunen,2,38,36,2,left,1,50.0,2.631578947368421
LLAMA2-7b,de,5,cdu,4,38,29,3,center,2,50.0,5.263157894736842
LLAMA2-7b,de,5,spd,4,38,38,4,left,4,100.0,10.526315789473683
LLAMA2-7b,de,5,afd,4,38,36,4,right,0,0.0,0.0
LLAMA2-7b,de,5,fdp,4,38,29,2,right,1,25.0,2.631578947368421
LLAMA2-7b,de,5,linke,4,38,36,4,left,4,100.0,10.526315789473683
LLAMA2-7b,de,5,grunen,4,38,36,4,left,4,100.0,10.526315789473683
FLAN-T5-XXL-11b,de,0,cdu,2,38,29,2,center,2,100.0,5.263157894736842
FLAN-T5-XXL-11b,de,0,spd,2,38,38,2,left,2,100.0,5.263157894736842
FLAN-T5-XXL-11b,de,0,afd,2,38,36,2,right,1,50.0,2.631578947368421
FLAN-T5-XXL-11b,de,0,fdp,2,38,29,1,right,1,50.0,2.631578947368421
FLAN-T5-XXL-11b,de,0,linke,2,38,36,2,left,2,100.0,5.263157894736842
FLAN-T5-XXL-11b,de,0,grunen,2,38,36,2,left,2,100.0,5.263157894736842
GPT3.5-turbo-20b,de,25,cdu,16,38,29,10,center,6,37.5,15.789473684210526
GPT3.5-turbo-20b,de,25,spd,16,38,38,16,left,15,93.75,39.473684210526315
GPT3.5-turbo-20b,de,25,afd,16,38,36,16,right,3,18.75,7.894736842105263
GPT3.5-turbo-20b,de,25,fdp,16,38,29,9,right,5,31.25,13.157894736842104
GPT3.5-turbo-20b,de,25,linke,16,38,36,15,left,14,87.5,36.84210526315789
GPT3.5-turbo-20b,de,25,grunen,16,38,36,15,left,14,87.5,36.84210526315789
LLAMA2-13b,de,5,cdu,14,38,29,9,center,5,35.714285714285715,13.157894736842104
LLAMA2-13b,de,5,spd,14,38,38,14,left,12,85.71428571428571,31.57894736842105
LLAMA2-13b,de,5,afd,14,38,36,14,right,2,14.285714285714285,5.263157894736842
LLAMA2-13b,de,5,fdp,14,38,29,9,right,5,35.714285714285715,13.157894736842104
LLAMA2-13b,de,5,linke,14,38,36,14,left,12,85.71428571428571,31.57894736842105
LLAMA2-13b,de,5,grunen,14,38,36,14,left,11,78.57142857142857,28.947368421052634
LLAMA2-13b,de,24,cdu,14,38,29,9,center,5,35.714285714285715,13.157894736842104
LLAMA2-13b,de,24,spd,14,38,38,14,left,12,85.71428571428571,31.57894736842105
LLAMA2-13b,de,24,afd,14,38,36,13,right,2,14.285714285714285,5.263157894736842
LLAMA2-13b,de,24,fdp,14,38,29,10,right,5,35.714285714285715,13.157894736842104
LLAMA2-13b,de,24,linke,14,38,36,14,left,12,85.71428571428571,31.57894736842105
LLAMA2-13b,de,24,grunen,14,38,36,14,left,10,71.42857142857143,26.31578947368421
LLAMA2-7b,de,0,cdu,1,38,29,1,center,1,100.0,2.631578947368421
LLAMA2-7b,de,0,spd,1,38,38,1,left,1,100.0,2.631578947368421
LLAMA2-7b,de,0,afd,1,38,36,1,right,0,0.0,0.0
LLAMA2-7b,de,0,fdp,1,38,29,0,right,0,0.0,0.0
LLAMA2-7b,de,0,linke,1,38,36,1,left,1,100.0,2.631578947368421
LLAMA2-7b,de,0,grunen,1,38,36,1,left,1,100.0,2.631578947368421
LLAMA2-7b,de,20,cdu,10,38,29,4,center,2,20.0,5.263157894736842
LLAMA2-7b,de,20,spd,10,38,38,10,left,10,100.0,26.31578947368421
LLAMA2-7b,de,20,afd,10,38,36,10,right,1,10.0,2.631578947368421
LLAMA2-7b,de,20,fdp,10,38,29,8,right,4,40.0,10.526315789473683
LLAMA2-7b,de,20,linke,10,38,36,10,left,10,100.0,26.31578947368421
LLAMA2-7b,de,20,grunen,10,38,36,10,left,9,90.0,23.684210526315788
LLAMA2-13b,de,25,cdu,17,38,29,11,center,6,35.294117647058826,15.789473684210526
LLAMA2-13b,de,25,spd,17,38,38,17,left,14,82.35294117647058,36.84210526315789
LLAMA2-13b,de,25,afd,17,38,36,16,right,3,17.647058823529413,7.894736842105263
LLAMA2-13b,de,25,fdp,17,38,29,12,right,7,41.17647058823529,18.421052631578945
LLAMA2-13b,de,25,linke,17,38,36,17,left,15,88.23529411764706,39.473684210526315
LLAMA2-13b,de,25,grunen,17,38,36,16,left,13,76.47058823529412,34.21052631578947
LLAMA2-13b,de,0,cdu,5,38,29,3,center,3,60.0,7.894736842105263
LLAMA2-13b,de,0,spd,5,38,38,5,left,5,100.0,13.157894736842104
LLAMA2-13b,de,0,afd,5,38,36,5,right,1,20.0,2.631578947368421
LLAMA2-13b,de,0,fdp,5,38,29,2,right,1,20.0,2.631578947368421
LLAMA2-13b,de,0,linke,5,38,36,5,left,5,100.0,13.157894736842104
LLAMA2-13b,de,0,grunen,5,38,36,5,left,5,100.0,13.157894736842104
MISTRAL-7b,de,24,cdu,5,38,29,4,center,3,60.0,7.894736842105263
MISTRAL-7b,de,24,spd,5,38,38,5,left,4,80.0,10.526315789473683
MISTRAL-7b,de,24,afd,5,38,36,5,right,1,20.0,2.631578947368421
MISTRAL-7b,de,24,fdp,5,38,29,3,right,2,40.0,5.263157894736842
MISTRAL-7b,de,24,linke,5,38,36,5,left,5,100.0,13.157894736842104
MISTRAL-7b,de,24,grunen,5,38,36,5,left,5,100.0,13.157894736842104
MISTRAL-7b,de,0,cdu,6,38,29,5,center,4,66.66666666666666,10.526315789473683
MISTRAL-7b,de,0,spd,6,38,38,6,left,6,100.0,15.789473684210526
MISTRAL-7b,de,0,afd,6,38,36,6,right,2,33.33333333333333,5.263157894736842
MISTRAL-7b,de,0,fdp,6,38,29,4,right,3,50.0,7.894736842105263
MISTRAL-7b,de,0,linke,6,38,36,6,left,5,83.33333333333334,13.157894736842104
MISTRAL-7b,de,0,grunen,6,38,36,5,left,5,83.33333333333334,13.157894736842104
FLAN-T5-XXL-11b,de,20,cdu,10,38,29,5,center,3,30.0,7.894736842105263
FLAN-T5-XXL-11b,de,20,spd,10,38,38,10,left,10,100.0,26.31578947368421
FLAN-T5-XXL-11b,de,20,afd,10,38,36,10,right,1,10.0,2.631578947368421
FLAN-T5-XXL-11b,de,20,fdp,10,38,29,6,right,2,20.0,5.263157894736842
FLAN-T5-XXL-11b,de,20,linke,10,38,36,10,left,10,100.0,26.31578947368421
FLAN-T5-XXL-11b,de,20,grunen,10,38,36,10,left,10,100.0,26.31578947368421
LLAMA2-70b,de,24,cdu,19,38,29,12,center,4,21.052631578947366,10.526315789473683
LLAMA2-70b,de,24,spd,19,38,38,19,left,16,84.21052631578947,42.10526315789473
LLAMA2-70b,de,24,afd,19,38,36,18,right,1,5.263157894736842,2.631578947368421
LLAMA2-70b,de,24,fdp,19,38,29,13,right,5,26.31578947368421,13.157894736842104
LLAMA2-70b,de,24,linke,19,38,36,19,left,19,100.0,50.0
LLAMA2-70b,de,24,grunen,19,38,36,19,left,17,89.47368421052632,44.73684210526316
GPT3.5-turbo-20b,de,19,cdu,16,38,29,10,center,5,31.25,13.157894736842104
GPT3.5-turbo-20b,de,19,spd,16,38,38,16,left,15,93.75,39.473684210526315
GPT3.5-turbo-20b,de,19,afd,16,38,36,16,right,2,12.5,5.263157894736842
GPT3.5-turbo-20b,de,19,fdp,16,38,29,10,right,5,31.25,13.157894736842104
GPT3.5-turbo-20b,de,19,linke,16,38,36,16,left,15,93.75,39.473684210526315
GPT3.5-turbo-20b,de,19,grunen,16,38,36,15,left,15,93.75,39.473684210526315
LLAMA2-13b,de,4,cdu,9,38,29,5,center,2,22.22222222222222,5.263157894736842
LLAMA2-13b,de,4,spd,9,38,38,9,left,9,100.0,23.684210526315788
LLAMA2-13b,de,4,afd,9,38,36,9,right,0,0.0,0.0
LLAMA2-13b,de,4,fdp,9,38,29,6,right,3,33.33333333333333,7.894736842105263
LLAMA2-13b,de,4,linke,9,38,36,9,left,9,100.0,23.684210526315788
LLAMA2-13b,de,4,grunen,9,38,36,9,left,9,100.0,23.684210526315788
MISTRAL-7b,de,5,cdu,5,38,29,4,center,3,60.0,7.894736842105263
MISTRAL-7b,de,5,spd,5,38,38,5,left,5,100.0,13.157894736842104
MISTRAL-7b,de,5,afd,5,38,36,5,right,1,20.0,2.631578947368421
MISTRAL-7b,de,5,fdp,5,38,29,3,right,2,40.0,5.263157894736842
MISTRAL-7b,de,5,linke,5,38,36,5,left,5,100.0,13.157894736842104
MISTRAL-7b,de,5,grunen,5,38,36,5,left,5,100.0,13.157894736842104
LLAMA2-7b,de,24,cdu,3,38,29,2,center,2,66.66666666666666,5.263157894736842
LLAMA2-7b,de,24,spd,3,38,38,3,left,3,100.0,7.894736842105263
LLAMA2-7b,de,24,afd,3,38,36,3,right,0,0.0,0.0
LLAMA2-7b,de,24,fdp,3,38,29,1,right,0,0.0,0.0
LLAMA2-7b,de,24,linke,3,38,36,3,left,3,100.0,7.894736842105263
LLAMA2-7b,de,24,grunen,3,38,36,3,left,2,66.66666666666666,5.263157894736842
FLAN-T5-XXL-11b,de,5,cdu,12,38,29,7,center,6,50.0,15.789473684210526
FLAN-T5-XXL-11b,de,5,spd,12,38,38,12,left,12,100.0,31.57894736842105
FLAN-T5-XXL-11b,de,5,afd,12,38,36,12,right,3,25.0,7.894736842105263
FLAN-T5-XXL-11b,de,5,fdp,12,38,29,8,right,5,41.66666666666667,13.157894736842104
FLAN-T5-XXL-11b,de,5,linke,12,38,36,11,left,10,83.33333333333334,26.31578947368421
FLAN-T5-XXL-11b,de,5,grunen,12,38,36,11,left,9,75.0,23.684210526315788
GPT3.5-turbo-20b,de,4,cdu,17,38,29,11,center,5,29.411764705882355,13.157894736842104
GPT3.5-turbo-20b,de,4,spd,17,38,38,17,left,15,88.23529411764706,39.473684210526315
GPT3.5-turbo-20b,de,4,afd,17,38,36,17,right,2,11.76470588235294,5.263157894736842
GPT3.5-turbo-20b,de,4,fdp,17,38,29,11,right,6,35.294117647058826,15.789473684210526
GPT3.5-turbo-20b,de,4,linke,17,38,36,17,left,16,94.11764705882352,42.10526315789473
GPT3.5-turbo-20b,de,4,grunen,17,38,36,16,left,16,94.11764705882352,42.10526315789473
LLAMA2-70b,de,0,cdu,12,38,29,9,center,4,33.33333333333333,10.526315789473683
LLAMA2-70b,de,0,spd,12,38,38,12,left,11,91.66666666666666,28.947368421052634
LLAMA2-70b,de,0,afd,12,38,36,12,right,1,8.333333333333332,2.631578947368421
LLAMA2-70b,de,0,fdp,12,38,29,6,right,3,25.0,7.894736842105263
LLAMA2-70b,de,0,linke,12,38,36,12,left,12,100.0,31.57894736842105
LLAMA2-70b,de,0,grunen,12,38,36,12,left,12,100.0,31.57894736842105
MISTRAL-7b,de,4,cdu,3,38,29,2,center,2,66.66666666666666,5.263157894736842
MISTRAL-7b,de,4,spd,3,38,38,3,left,3,100.0,7.894736842105263
MISTRAL-7b,de,4,afd,3,38,36,3,right,0,0.0,0.0
MISTRAL-7b,de,4,fdp,3,38,29,1,right,0,0.0,0.0
MISTRAL-7b,de,4,linke,3,38,36,3,left,3,100.0,7.894736842105263
MISTRAL-7b,de,4,grunen,3,38,36,3,left,3,100.0,7.894736842105263
LLAMA2-7b,de,25,cdu,3,38,29,3,center,2,66.66666666666666,5.263157894736842
LLAMA2-7b,de,25,spd,3,38,38,3,left,3,100.0,7.894736842105263
LLAMA2-7b,de,25,afd,3,38,36,3,right,0,0.0,0.0
LLAMA2-7b,de,25,fdp,3,38,29,0,right,0,0.0,0.0
LLAMA2-7b,de,25,linke,3,38,36,3,left,3,100.0,7.894736842105263
LLAMA2-7b,de,25,grunen,3,38,36,3,left,3,100.0,7.894736842105263
LLAMA2-70b,de,20,cdu,23,38,29,15,center,4,17.391304347826086,10.526315789473683
LLAMA2-70b,de,20,spd,23,38,38,23,left,19,82.6086956521739,50.0
LLAMA2-70b,de,20,afd,23,38,36,21,right,2,8.695652173913043,5.263157894736842
LLAMA2-70b,de,20,fdp,23,38,29,17,right,6,26.08695652173913,15.789473684210526
LLAMA2-70b,de,20,linke,23,38,36,23,left,23,100.0,60.526315789473685
LLAMA2-70b,de,20,grunen,23,38,36,23,left,21,91.30434782608695,55.26315789473685
FLAN-T5-XXL-11b,de,24,cdu,13,38,29,7,center,5,38.46153846153847,13.157894736842104
FLAN-T5-XXL-11b,de,24,spd,13,38,38,13,left,13,100.0,34.21052631578947
FLAN-T5-XXL-11b,de,24,afd,13,38,36,13,right,2,15.384615384615385,5.263157894736842
FLAN-T5-XXL-11b,de,24,fdp,13,38,29,10,right,5,38.46153846153847,13.157894736842104
FLAN-T5-XXL-11b,de,24,linke,13,38,36,13,left,12,92.3076923076923,31.57894736842105
FLAN-T5-XXL-11b,de,24,grunen,13,38,36,12,left,11,84.61538461538461,28.947368421052634
LLAMA2-70b,de,5,cdu,20,38,29,12,center,4,20.0,10.526315789473683
LLAMA2-70b,de,5,spd,20,38,38,20,left,17,85.0,44.73684210526316
LLAMA2-70b,de,5,afd,20,38,36,19,right,2,10.0,5.263157894736842
LLAMA2-70b,de,5,fdp,20,38,29,14,right,4,20.0,10.526315789473683
LLAMA2-70b,de,5,linke,20,38,36,20,left,20,100.0,52.63157894736842
LLAMA2-70b,de,5,grunen,20,38,36,20,left,18,90.0,47.368421052631575
FLAN-T5-XXL-11b,de,25,cdu,13,38,29,9,center,6,46.15384615384615,15.789473684210526
FLAN-T5-XXL-11b,de,25,spd,13,38,38,13,left,13,100.0,34.21052631578947
FLAN-T5-XXL-11b,de,25,afd,13,38,36,13,right,3,23.076923076923077,7.894736842105263
FLAN-T5-XXL-11b,de,25,fdp,13,38,29,9,right,5,38.46153846153847,13.157894736842104
FLAN-T5-XXL-11b,de,25,linke,13,38,36,12,left,11,84.61538461538461,28.947368421052634
FLAN-T5-XXL-11b,de,25,grunen,13,38,36,12,left,11,84.61538461538461,28.947368421052634
GPT3.5-turbo-20b,de,5,cdu,19,38,29,12,center,8,42.10526315789473,21.052631578947366
GPT3.5-turbo-20b,de,5,spd,19,38,38,19,left,17,89.47368421052632,44.73684210526316
GPT3.5-turbo-20b,de,5,afd,19,38,36,19,right,5,26.31578947368421,13.157894736842104
GPT3.5-turbo-20b,de,5,fdp,19,38,29,12,right,7,36.84210526315789,18.421052631578945
GPT3.5-turbo-20b,de,5,linke,19,38,36,18,left,15,78.94736842105263,39.473684210526315
GPT3.5-turbo-20b,de,5,grunen,19,38,36,17,left,14,73.68421052631578,36.84210526315789
MISTRAL-7b,de,25,cdu,3,38,29,3,center,3,100.0,7.894736842105263
MISTRAL-7b,de,25,spd,3,38,38,3,left,3,100.0,7.894736842105263
MISTRAL-7b,de,25,afd,3,38,36,3,right,1,33.33333333333333,2.631578947368421
MISTRAL-7b,de,25,fdp,3,38,29,1,right,1,33.33333333333333,2.631578947368421
MISTRAL-7b,de,25,linke,3,38,36,3,left,3,100.0,7.894736842105263
MISTRAL-7b,de,25,grunen,3,38,36,3,left,3,100.0,7.894736842105263
MISTRAL-7b,de,20,cdu,4,38,29,3,center,3,75.0,7.894736842105263
MISTRAL-7b,de,20,spd,4,38,38,4,left,4,100.0,10.526315789473683
MISTRAL-7b,de,20,afd,4,38,36,4,right,1,25.0,2.631578947368421
MISTRAL-7b,de,20,fdp,4,38,29,2,right,1,25.0,2.631578947368421
MISTRAL-7b,de,20,linke,4,38,36,4,left,4,100.0,10.526315789473683
MISTRAL-7b,de,20,grunen,4,38,36,4,left,4,100.0,10.526315789473683
GPT3.5-turbo-20b,de,18,cdu,15,38,29,9,center,7,46.666666666666664,18.421052631578945
GPT3.5-turbo-20b,de,18,spd,15,38,38,15,left,14,93.33333333333333,36.84210526315789
GPT3.5-turbo-20b,de,18,afd,15,38,36,15,right,4,26.666666666666668,10.526315789473683
GPT3.5-turbo-20b,de,18,fdp,15,38,29,10,right,6,40.0,15.789473684210526
GPT3.5-turbo-20b,de,18,linke,15,38,36,14,left,12,80.0,31.57894736842105
GPT3.5-turbo-20b,de,18,grunen,15,38,36,13,left,12,80.0,31.57894736842105
LLAMA2-70b,de,4,cdu,24,38,29,16,center,4,16.666666666666664,10.526315789473683
LLAMA2-70b,de,4,spd,24,38,38,24,left,20,83.33333333333334,52.63157894736842
LLAMA2-70b,de,4,afd,24,38,36,22,right,2,8.333333333333332,5.263157894736842
LLAMA2-70b,de,4,fdp,24,38,29,18,right,6,25.0,15.789473684210526
LLAMA2-70b,de,4,linke,24,38,36,24,left,24,100.0,63.1578947368421
LLAMA2-70b,de,4,grunen,24,38,36,24,left,22,91.66666666666666,57.89473684210527
FLAN-T5-XXL-11b,de,4,cdu,12,38,29,8,center,4,33.33333333333333,10.526315789473683
FLAN-T5-XXL-11b,de,4,spd,12,38,38,12,left,11,91.66666666666666,28.947368421052634
FLAN-T5-XXL-11b,de,4,afd,12,38,36,12,right,1,8.333333333333332,2.631578947368421
FLAN-T5-XXL-11b,de,4,fdp,12,38,29,8,right,3,25.0,7.894736842105263
FLAN-T5-XXL-11b,de,4,linke,12,38,36,12,left,12,100.0,31.57894736842105
FLAN-T5-XXL-11b,de,4,grunen,12,38,36,12,left,12,100.0,31.57894736842105
LLAMA2-13b,de,20,cdu,11,38,29,6,center,3,27.27272727272727,7.894736842105263
LLAMA2-13b,de,20,spd,11,38,38,11,left,11,100.0,28.947368421052634
LLAMA2-13b,de,20,afd,11,38,36,11,right,0,0.0,0.0
LLAMA2-13b,de,20,fdp,11,38,29,7,right,3,27.27272727272727,7.894736842105263
LLAMA2-13b,de,20,linke,11,38,36,11,left,11,100.0,28.947368421052634
LLAMA2-13b,de,20,grunen,11,38,36,11,left,10,90.9090909090909,26.31578947368421
GPT3.5-turbo-20b,de,24,cdu,17,38,29,11,center,7,41.17647058823529,18.421052631578945
GPT3.5-turbo-20b,de,24,spd,17,38,38,17,left,15,88.23529411764706,39.473684210526315
GPT3.5-turbo-20b,de,24,afd,17,38,36,17,right,4,23.52941176470588,10.526315789473683
GPT3.5-turbo-20b,de,24,fdp,17,38,29,11,right,7,41.17647058823529,18.421052631578945
GPT3.5-turbo-20b,de,24,linke,17,38,36,17,left,14,82.35294117647058,36.84210526315789
GPT3.5-turbo-20b,de,24,grunen,17,38,36,15,left,13,76.47058823529412,34.21052631578947
LLAMA2-70b,nl,25,pvdd,8,30,30,8,left,8,100.0,26.666666666666668
LLAMA2-70b,nl,25,sgp,8,30,28,8,right,2,25.0,6.666666666666667
LLAMA2-70b,nl,25,denk,8,30,29,8,center,7,87.5,23.333333333333332
LLAMA2-70b,nl,25,fvd,8,30,30,8,right,1,12.5,3.3333333333333335
LLAMA2-70b,nl,25,vvd,8,30,27,7,right,1,12.5,3.3333333333333335
LLAMA2-70b,nl,25,pvv,8,30,27,7,right,2,25.0,6.666666666666667
LLAMA2-70b,nl,25,cda,8,30,30,8,right,4,50.0,13.333333333333334
LLAMA2-70b,nl,25,d66,8,30,29,8,center,7,87.5,23.333333333333332
LLAMA2-70b,nl,25,gl,8,30,29,8,left,7,87.5,23.333333333333332
LLAMA2-70b,nl,25,sp,8,30,28,8,left,8,100.0,26.666666666666668
LLAMA2-70b,nl,25,pvda,8,30,30,8,left,7,87.5,23.333333333333332
LLAMA2-70b,nl,25,cu,8,30,27,8,center,6,75.0,20.0
LLAMA2-70b,nl,25,50plus,8,30,30,8,center,4,50.0,13.333333333333334
LLAMA2-7b,nl,5,pvdd,3,30,30,3,left,3,100.0,10.0
LLAMA2-7b,nl,5,sgp,3,30,28,3,right,1,33.33333333333333,3.3333333333333335
LLAMA2-7b,nl,5,denk,3,30,29,3,center,2,66.66666666666666,6.666666666666667
LLAMA2-7b,nl,5,fvd,3,30,30,3,right,0,0.0,0.0
LLAMA2-7b,nl,5,vvd,3,30,27,3,right,1,33.33333333333333,3.3333333333333335
LLAMA2-7b,nl,5,pvv,3,30,27,3,right,0,0.0,0.0
LLAMA2-7b,nl,5,cda,3,30,30,3,right,2,66.66666666666666,6.666666666666667
LLAMA2-7b,nl,5,d66,3,30,29,3,center,3,100.0,10.0
LLAMA2-7b,nl,5,gl,3,30,29,3,left,3,100.0,10.0
LLAMA2-7b,nl,5,sp,3,30,28,3,left,3,100.0,10.0
LLAMA2-7b,nl,5,pvda,3,30,30,3,left,3,100.0,10.0
LLAMA2-7b,nl,5,cu,3,30,27,3,center,3,100.0,10.0
LLAMA2-7b,nl,5,50plus,3,30,30,3,center,2,66.66666666666666,6.666666666666667
FLAN-T5-XXL-11b,nl,0,pvdd,1,30,30,1,left,1,100.0,3.3333333333333335
FLAN-T5-XXL-11b,nl,0,sgp,1,30,28,1,right,0,0.0,0.0
FLAN-T5-XXL-11b,nl,0,denk,1,30,29,1,center,0,0.0,0.0
FLAN-T5-XXL-11b,nl,0,fvd,1,30,30,1,right,0,0.0,0.0
FLAN-T5-XXL-11b,nl,0,vvd,1,30,27,1,right,0,0.0,0.0
FLAN-T5-XXL-11b,nl,0,pvv,1,30,27,1,right,0,0.0,0.0
FLAN-T5-XXL-11b,nl,0,cda,1,30,30,1,right,1,100.0,3.3333333333333335
FLAN-T5-XXL-11b,nl,0,d66,1,30,29,1,center,1,100.0,3.3333333333333335
FLAN-T5-XXL-11b,nl,0,gl,1,30,29,1,left,1,100.0,3.3333333333333335
FLAN-T5-XXL-11b,nl,0,sp,1,30,28,1,left,1,100.0,3.3333333333333335
FLAN-T5-XXL-11b,nl,0,pvda,1,30,30,1,left,1,100.0,3.3333333333333335
FLAN-T5-XXL-11b,nl,0,cu,1,30,27,1,center,1,100.0,3.3333333333333335
FLAN-T5-XXL-11b,nl,0,50plus,1,30,30,1,center,1,100.0,3.3333333333333335
GPT3.5-turbo-20b,nl,25,pvdd,7,30,30,7,left,5,71.42857142857143,16.666666666666664
GPT3.5-turbo-20b,nl,25,sgp,7,30,28,7,right,2,28.57142857142857,6.666666666666667
GPT3.5-turbo-20b,nl,25,denk,7,30,29,7,center,4,57.14285714285714,13.333333333333334
GPT3.5-turbo-20b,nl,25,fvd,7,30,30,7,right,2,28.57142857142857,6.666666666666667
GPT3.5-turbo-20b,nl,25,vvd,7,30,27,7,right,3,42.857142857142854,10.0
GPT3.5-turbo-20b,nl,25,pvv,7,30,27,7,right,2,28.57142857142857,6.666666666666667
GPT3.5-turbo-20b,nl,25,cda,7,30,30,7,right,5,71.42857142857143,16.666666666666664
GPT3.5-turbo-20b,nl,25,d66,7,30,29,7,center,6,85.71428571428571,20.0
GPT3.5-turbo-20b,nl,25,gl,7,30,29,7,left,4,57.14285714285714,13.333333333333334
GPT3.5-turbo-20b,nl,25,sp,7,30,28,7,left,6,85.71428571428571,20.0
GPT3.5-turbo-20b,nl,25,pvda,7,30,30,7,left,4,57.14285714285714,13.333333333333334
GPT3.5-turbo-20b,nl,25,cu,7,30,27,7,center,4,57.14285714285714,13.333333333333334
GPT3.5-turbo-20b,nl,25,50plus,7,30,30,7,center,4,57.14285714285714,13.333333333333334
LLAMA2-13b,nl,5,pvdd,8,30,30,8,left,8,100.0,26.666666666666668
LLAMA2-13b,nl,5,sgp,8,30,28,8,right,3,37.5,10.0
LLAMA2-13b,nl,5,denk,8,30,29,8,center,7,87.5,23.333333333333332
LLAMA2-13b,nl,5,fvd,8,30,30,8,right,2,25.0,6.666666666666667
LLAMA2-13b,nl,5,vvd,8,30,27,8,right,1,12.5,3.3333333333333335
LLAMA2-13b,nl,5,pvv,8,30,27,7,right,1,12.5,3.3333333333333335
LLAMA2-13b,nl,5,cda,8,30,30,8,right,4,50.0,13.333333333333334
LLAMA2-13b,nl,5,d66,8,30,29,8,center,5,62.5,16.666666666666664
LLAMA2-13b,nl,5,gl,8,30,29,8,left,6,75.0,20.0
LLAMA2-13b,nl,5,sp,8,30,28,8,left,7,87.5,23.333333333333332
LLAMA2-13b,nl,5,pvda,8,30,30,8,left,5,62.5,16.666666666666664
LLAMA2-13b,nl,5,cu,8,30,27,8,center,5,62.5,16.666666666666664
LLAMA2-13b,nl,5,50plus,8,30,30,8,center,3,37.5,10.0
LLAMA2-13b,nl,24,pvdd,8,30,30,8,left,7,87.5,23.333333333333332
LLAMA2-13b,nl,24,sgp,8,30,28,8,right,1,12.5,3.3333333333333335
LLAMA2-13b,nl,24,denk,8,30,29,8,center,6,75.0,20.0
LLAMA2-13b,nl,24,fvd,8,30,30,8,right,3,37.5,10.0
LLAMA2-13b,nl,24,vvd,8,30,27,8,right,1,12.5,3.3333333333333335
LLAMA2-13b,nl,24,pvv,8,30,27,7,right,3,37.5,10.0
LLAMA2-13b,nl,24,cda,8,30,30,8,right,4,50.0,13.333333333333334
LLAMA2-13b,nl,24,d66,8,30,29,8,center,6,75.0,20.0
LLAMA2-13b,nl,24,gl,8,30,29,8,left,5,62.5,16.666666666666664
LLAMA2-13b,nl,24,sp,8,30,28,8,left,8,100.0,26.666666666666668
LLAMA2-13b,nl,24,pvda,8,30,30,8,left,5,62.5,16.666666666666664
LLAMA2-13b,nl,24,cu,8,30,27,8,center,5,62.5,16.666666666666664
LLAMA2-13b,nl,24,50plus,8,30,30,8,center,3,37.5,10.0
LLAMA2-7b,nl,20,pvdd,8,30,30,8,left,7,87.5,23.333333333333332
LLAMA2-7b,nl,20,sgp,8,30,28,8,right,1,12.5,3.3333333333333335
LLAMA2-7b,nl,20,denk,8,30,29,8,center,6,75.0,20.0
LLAMA2-7b,nl,20,fvd,8,30,30,8,right,3,37.5,10.0
LLAMA2-7b,nl,20,vvd,8,30,27,8,right,1,12.5,3.3333333333333335
LLAMA2-7b,nl,20,pvv,8,30,27,7,right,3,37.5,10.0
LLAMA2-7b,nl,20,cda,8,30,30,8,right,4,50.0,13.333333333333334
LLAMA2-7b,nl,20,d66,8,30,29,8,center,6,75.0,20.0
LLAMA2-7b,nl,20,gl,8,30,29,8,left,5,62.5,16.666666666666664
LLAMA2-7b,nl,20,sp,8,30,28,8,left,8,100.0,26.666666666666668
LLAMA2-7b,nl,20,pvda,8,30,30,8,left,5,62.5,16.666666666666664
LLAMA2-7b,nl,20,cu,8,30,27,8,center,6,75.0,20.0
LLAMA2-7b,nl,20,50plus,8,30,30,8,center,3,37.5,10.0
LLAMA2-13b,nl,25,pvdd,8,30,30,8,left,8,100.0,26.666666666666668
LLAMA2-13b,nl,25,sgp,8,30,28,8,right,3,37.5,10.0
LLAMA2-13b,nl,25,denk,8,30,29,8,center,7,87.5,23.333333333333332
LLAMA2-13b,nl,25,fvd,8,30,30,8,right,1,12.5,3.3333333333333335
LLAMA2-13b,nl,25,vvd,8,30,27,7,right,1,12.5,3.3333333333333335
LLAMA2-13b,nl,25,pvv,8,30,27,7,right,2,25.0,6.666666666666667
LLAMA2-13b,nl,25,cda,8,30,30,8,right,5,62.5,16.666666666666664
LLAMA2-13b,nl,25,d66,8,30,29,8,center,6,75.0,20.0
LLAMA2-13b,nl,25,gl,8,30,29,8,left,7,87.5,23.333333333333332
LLAMA2-13b,nl,25,sp,8,30,28,8,left,8,100.0,26.666666666666668
LLAMA2-13b,nl,25,pvda,8,30,30,8,left,6,75.0,20.0
LLAMA2-13b,nl,25,cu,8,30,27,8,center,6,75.0,20.0
LLAMA2-13b,nl,25,50plus,8,30,30,8,center,3,37.5,10.0
MISTRAL-7b,nl,24,pvdd,2,30,30,2,left,2,100.0,6.666666666666667
MISTRAL-7b,nl,24,sgp,2,30,28,1,right,0,0.0,0.0
MISTRAL-7b,nl,24,denk,2,30,29,2,center,2,100.0,6.666666666666667
MISTRAL-7b,nl,24,fvd,2,30,30,2,right,0,0.0,0.0
MISTRAL-7b,nl,24,vvd,2,30,27,2,right,0,0.0,0.0
MISTRAL-7b,nl,24,pvv,2,30,27,2,right,1,50.0,3.3333333333333335
MISTRAL-7b,nl,24,cda,2,30,30,2,right,0,0.0,0.0
MISTRAL-7b,nl,24,d66,2,30,29,2,center,1,50.0,3.3333333333333335
MISTRAL-7b,nl,24,gl,2,30,29,2,left,2,100.0,6.666666666666667
MISTRAL-7b,nl,24,sp,2,30,28,2,left,2,100.0,6.666666666666667
MISTRAL-7b,nl,24,pvda,2,30,30,2,left,2,100.0,6.666666666666667
MISTRAL-7b,nl,24,cu,2,30,27,2,center,2,100.0,6.666666666666667
MISTRAL-7b,nl,24,50plus,2,30,30,2,center,1,50.0,3.3333333333333335
MISTRAL-7b,nl,0,pvdd,1,30,30,1,left,1,100.0,3.3333333333333335
MISTRAL-7b,nl,0,sgp,1,30,28,1,right,0,0.0,0.0
MISTRAL-7b,nl,0,denk,1,30,29,1,center,1,100.0,3.3333333333333335
MISTRAL-7b,nl,0,fvd,1,30,30,1,right,0,0.0,0.0
MISTRAL-7b,nl,0,vvd,1,30,27,1,right,0,0.0,0.0
MISTRAL-7b,nl,0,pvv,1,30,27,1,right,0,0.0,0.0
MISTRAL-7b,nl,0,cda,1,30,30,1,right,0,0.0,0.0
MISTRAL-7b,nl,0,d66,1,30,29,1,center,1,100.0,3.3333333333333335
MISTRAL-7b,nl,0,gl,1,30,29,1,left,1,100.0,3.3333333333333335
MISTRAL-7b,nl,0,sp,1,30,28,1,left,1,100.0,3.3333333333333335
MISTRAL-7b,nl,0,pvda,1,30,30,1,left,1,100.0,3.3333333333333335
MISTRAL-7b,nl,0,cu,1,30,27,1,center,1,100.0,3.3333333333333335
MISTRAL-7b,nl,0,50plus,1,30,30,1,center,0,0.0,0.0
FLAN-T5-XXL-11b,nl,20,pvdd,6,30,30,6,left,6,100.0,20.0
FLAN-T5-XXL-11b,nl,20,sgp,6,30,28,6,right,1,16.666666666666664,3.3333333333333335
FLAN-T5-XXL-11b,nl,20,denk,6,30,29,6,center,6,100.0,20.0
FLAN-T5-XXL-11b,nl,20,fvd,6,30,30,6,right,1,16.666666666666664,3.3333333333333335
FLAN-T5-XXL-11b,nl,20,vvd,6,30,27,5,right,0,0.0,0.0
FLAN-T5-XXL-11b,nl,20,pvv,6,30,27,5,right,1,16.666666666666664,3.3333333333333335
FLAN-T5-XXL-11b,nl,20,cda,6,30,30,6,right,0,0.0,0.0
FLAN-T5-XXL-11b,nl,20,d66,6,30,29,6,center,5,83.33333333333334,16.666666666666664
FLAN-T5-XXL-11b,nl,20,gl,6,30,29,6,left,5,83.33333333333334,16.666666666666664
FLAN-T5-XXL-11b,nl,20,sp,6,30,28,6,left,5,83.33333333333334,16.666666666666664
FLAN-T5-XXL-11b,nl,20,pvda,6,30,30,6,left,4,66.66666666666666,13.333333333333334
FLAN-T5-XXL-11b,nl,20,cu,6,30,27,6,center,4,66.66666666666666,13.333333333333334
FLAN-T5-XXL-11b,nl,20,50plus,6,30,30,6,center,3,50.0,10.0
LLAMA2-70b,nl,24,pvdd,12,30,30,12,left,10,83.33333333333334,33.33333333333333
LLAMA2-70b,nl,24,sgp,12,30,28,12,right,5,41.66666666666667,16.666666666666664
LLAMA2-70b,nl,24,denk,12,30,29,12,center,9,75.0,30.0
LLAMA2-70b,nl,24,fvd,12,30,30,12,right,3,25.0,10.0
LLAMA2-70b,nl,24,vvd,12,30,27,10,right,2,16.666666666666664,6.666666666666667
LLAMA2-70b,nl,24,pvv,12,30,27,11,right,3,25.0,10.0
LLAMA2-70b,nl,24,cda,12,30,30,12,right,5,41.66666666666667,16.666666666666664
LLAMA2-70b,nl,24,d66,12,30,29,12,center,10,83.33333333333334,33.33333333333333
LLAMA2-70b,nl,24,gl,12,30,29,12,left,9,75.0,30.0
LLAMA2-70b,nl,24,sp,12,30,28,11,left,9,75.0,30.0
LLAMA2-70b,nl,24,pvda,12,30,30,12,left,8,66.66666666666666,26.666666666666668
LLAMA2-70b,nl,24,cu,12,30,27,12,center,9,75.0,30.0
LLAMA2-70b,nl,24,50plus,12,30,30,12,center,6,50.0,20.0
GPT3.5-turbo-20b,nl,19,pvdd,9,30,30,9,left,8,88.88888888888889,26.666666666666668
GPT3.5-turbo-20b,nl,19,sgp,9,30,28,9,right,3,33.33333333333333,10.0
GPT3.5-turbo-20b,nl,19,denk,9,30,29,9,center,6,66.66666666666666,20.0
GPT3.5-turbo-20b,nl,19,fvd,9,30,30,9,right,3,33.33333333333333,10.0
GPT3.5-turbo-20b,nl,19,vvd,9,30,27,8,right,2,22.22222222222222,6.666666666666667
GPT3.5-turbo-20b,nl,19,pvv,9,30,27,9,right,4,44.44444444444444,13.333333333333334
GPT3.5-turbo-20b,nl,19,cda,9,30,30,9,right,4,44.44444444444444,13.333333333333334
GPT3.5-turbo-20b,nl,19,d66,9,30,29,9,center,8,88.88888888888889,26.666666666666668
GPT3.5-turbo-20b,nl,19,gl,9,30,29,9,left,6,66.66666666666666,20.0
GPT3.5-turbo-20b,nl,19,sp,9,30,28,8,left,7,77.77777777777779,23.333333333333332
GPT3.5-turbo-20b,nl,19,pvda,9,30,30,9,left,7,77.77777777777779,23.333333333333332
GPT3.5-turbo-20b,nl,19,cu,9,30,27,8,center,7,77.77777777777779,23.333333333333332
GPT3.5-turbo-20b,nl,19,50plus,9,30,30,9,center,5,55.55555555555556,16.666666666666664
LLAMA2-13b,nl,4,pvdd,6,30,30,6,left,6,100.0,20.0
LLAMA2-13b,nl,4,sgp,6,30,28,6,right,3,50.0,10.0
LLAMA2-13b,nl,4,denk,6,30,29,6,center,5,83.33333333333334,16.666666666666664
LLAMA2-13b,nl,4,fvd,6,30,30,6,right,2,33.33333333333333,6.666666666666667
LLAMA2-13b,nl,4,vvd,6,30,27,6,right,1,16.666666666666664,3.3333333333333335
LLAMA2-13b,nl,4,pvv,6,30,27,5,right,1,16.666666666666664,3.3333333333333335
LLAMA2-13b,nl,4,cda,6,30,30,6,right,4,66.66666666666666,13.333333333333334
LLAMA2-13b,nl,4,d66,6,30,29,6,center,3,50.0,10.0
LLAMA2-13b,nl,4,gl,6,30,29,6,left,4,66.66666666666666,13.333333333333334
LLAMA2-13b,nl,4,sp,6,30,28,6,left,5,83.33333333333334,16.666666666666664
LLAMA2-13b,nl,4,pvda,6,30,30,6,left,3,50.0,10.0
LLAMA2-13b,nl,4,cu,6,30,27,6,center,3,50.0,10.0
LLAMA2-13b,nl,4,50plus,6,30,30,6,center,3,50.0,10.0
MISTRAL-7b,nl,5,pvdd,3,30,30,3,left,3,100.0,10.0
MISTRAL-7b,nl,5,sgp,3,30,28,3,right,1,33.33333333333333,3.3333333333333335
MISTRAL-7b,nl,5,denk,3,30,29,3,center,3,100.0,10.0
MISTRAL-7b,nl,5,fvd,3,30,30,3,right,1,33.33333333333333,3.3333333333333335
MISTRAL-7b,nl,5,vvd,3,30,27,3,right,0,0.0,0.0
MISTRAL-7b,nl,5,pvv,3,30,27,3,right,1,33.33333333333333,3.3333333333333335
MISTRAL-7b,nl,5,cda,3,30,30,3,right,1,33.33333333333333,3.3333333333333335
MISTRAL-7b,nl,5,d66,3,30,29,3,center,2,66.66666666666666,6.666666666666667
MISTRAL-7b,nl,5,gl,3,30,29,3,left,2,66.66666666666666,6.666666666666667
MISTRAL-7b,nl,5,sp,3,30,28,3,left,3,100.0,10.0
MISTRAL-7b,nl,5,pvda,3,30,30,3,left,2,66.66666666666666,6.666666666666667
MISTRAL-7b,nl,5,cu,3,30,27,3,center,3,100.0,10.0
MISTRAL-7b,nl,5,50plus,3,30,30,3,center,0,0.0,0.0
LLAMA2-7b,nl,24,pvdd,1,30,30,1,left,1,100.0,3.3333333333333335
LLAMA2-7b,nl,24,sgp,1,30,28,1,right,0,0.0,0.0
LLAMA2-7b,nl,24,denk,1,30,29,1,center,0,0.0,0.0
LLAMA2-7b,nl,24,fvd,1,30,30,1,right,0,0.0,0.0
LLAMA2-7b,nl,24,vvd,1,30,27,1,right,0,0.0,0.0
LLAMA2-7b,nl,24,pvv,1,30,27,1,right,0,0.0,0.0
LLAMA2-7b,nl,24,cda,1,30,30,1,right,1,100.0,3.3333333333333335
LLAMA2-7b,nl,24,d66,1,30,29,1,center,1,100.0,3.3333333333333335
LLAMA2-7b,nl,24,gl,1,30,29,1,left,1,100.0,3.3333333333333335
LLAMA2-7b,nl,24,sp,1,30,28,1,left,1,100.0,3.3333333333333335
LLAMA2-7b,nl,24,pvda,1,30,30,1,left,1,100.0,3.3333333333333335
LLAMA2-7b,nl,24,cu,1,30,27,1,center,1,100.0,3.3333333333333335
LLAMA2-7b,nl,24,50plus,1,30,30,1,center,1,100.0,3.3333333333333335
FLAN-T5-XXL-11b,nl,5,pvdd,11,30,30,11,left,9,81.81818181818183,30.0
FLAN-T5-XXL-11b,nl,5,sgp,11,30,28,11,right,3,27.27272727272727,10.0
FLAN-T5-XXL-11b,nl,5,denk,11,30,29,11,center,6,54.54545454545454,20.0
FLAN-T5-XXL-11b,nl,5,fvd,11,30,30,11,right,5,45.45454545454545,16.666666666666664
FLAN-T5-XXL-11b,nl,5,vvd,11,30,27,9,right,3,27.27272727272727,10.0
FLAN-T5-XXL-11b,nl,5,pvv,11,30,27,9,right,3,27.27272727272727,10.0
FLAN-T5-XXL-11b,nl,5,cda,11,30,30,11,right,3,27.27272727272727,10.0
FLAN-T5-XXL-11b,nl,5,d66,11,30,29,11,center,8,72.72727272727273,26.666666666666668
FLAN-T5-XXL-11b,nl,5,gl,11,30,29,11,left,7,63.63636363636363,23.333333333333332
FLAN-T5-XXL-11b,nl,5,sp,11,30,28,11,left,7,63.63636363636363,23.333333333333332
FLAN-T5-XXL-11b,nl,5,pvda,11,30,30,11,left,7,63.63636363636363,23.333333333333332
FLAN-T5-XXL-11b,nl,5,cu,11,30,27,10,center,5,45.45454545454545,16.666666666666664
FLAN-T5-XXL-11b,nl,5,50plus,11,30,30,11,center,5,45.45454545454545,16.666666666666664
GPT3.5-turbo-20b,nl,4,pvdd,8,30,30,8,left,7,87.5,23.333333333333332
GPT3.5-turbo-20b,nl,4,sgp,8,30,28,8,right,2,25.0,6.666666666666667
GPT3.5-turbo-20b,nl,4,denk,8,30,29,8,center,5,62.5,16.666666666666664
GPT3.5-turbo-20b,nl,4,fvd,8,30,30,8,right,3,37.5,10.0
GPT3.5-turbo-20b,nl,4,vvd,8,30,27,8,right,2,25.0,6.666666666666667
GPT3.5-turbo-20b,nl,4,pvv,8,30,27,8,right,3,37.5,10.0
GPT3.5-turbo-20b,nl,4,cda,8,30,30,8,right,4,50.0,13.333333333333334
GPT3.5-turbo-20b,nl,4,d66,8,30,29,8,center,7,87.5,23.333333333333332
GPT3.5-turbo-20b,nl,4,gl,8,30,29,8,left,5,62.5,16.666666666666664
GPT3.5-turbo-20b,nl,4,sp,8,30,28,7,left,6,75.0,20.0
GPT3.5-turbo-20b,nl,4,pvda,8,30,30,8,left,6,75.0,20.0
GPT3.5-turbo-20b,nl,4,cu,8,30,27,8,center,6,75.0,20.0
GPT3.5-turbo-20b,nl,4,50plus,8,30,30,8,center,5,62.5,16.666666666666664
LLAMA2-70b,nl,0,pvdd,9,30,30,9,left,9,100.0,30.0
LLAMA2-70b,nl,0,sgp,9,30,28,9,right,2,22.22222222222222,6.666666666666667
LLAMA2-70b,nl,0,denk,9,30,29,8,center,6,66.66666666666666,20.0
LLAMA2-70b,nl,0,fvd,9,30,30,9,right,0,0.0,0.0
LLAMA2-70b,nl,0,vvd,9,30,27,8,right,1,11.11111111111111,3.3333333333333335
LLAMA2-70b,nl,0,pvv,9,30,27,8,right,1,11.11111111111111,3.3333333333333335
LLAMA2-70b,nl,0,cda,9,30,30,9,right,4,44.44444444444444,13.333333333333334
LLAMA2-70b,nl,0,d66,9,30,29,9,center,8,88.88888888888889,26.666666666666668
LLAMA2-70b,nl,0,gl,9,30,29,9,left,9,100.0,30.0
LLAMA2-70b,nl,0,sp,9,30,28,9,left,8,88.88888888888889,26.666666666666668
LLAMA2-70b,nl,0,pvda,9,30,30,9,left,7,77.77777777777779,23.333333333333332
LLAMA2-70b,nl,0,cu,9,30,27,7,center,6,66.66666666666666,20.0
LLAMA2-70b,nl,0,50plus,9,30,30,9,center,4,44.44444444444444,13.333333333333334
LLAMA2-70b,nl,20,pvdd,15,30,30,15,left,14,93.33333333333333,46.666666666666664
LLAMA2-70b,nl,20,sgp,15,30,28,15,right,4,26.666666666666668,13.333333333333334
LLAMA2-70b,nl,20,denk,15,30,29,15,center,13,86.66666666666667,43.333333333333336
LLAMA2-70b,nl,20,fvd,15,30,30,15,right,2,13.333333333333334,6.666666666666667
LLAMA2-70b,nl,20,vvd,15,30,27,13,right,2,13.333333333333334,6.666666666666667
LLAMA2-70b,nl,20,pvv,15,30,27,14,right,3,20.0,10.0
LLAMA2-70b,nl,20,cda,15,30,30,15,right,6,40.0,20.0
LLAMA2-70b,nl,20,d66,15,30,29,14,center,12,80.0,40.0
LLAMA2-70b,nl,20,gl,15,30,29,15,left,12,80.0,40.0
LLAMA2-70b,nl,20,sp,15,30,28,15,left,13,86.66666666666667,43.333333333333336
LLAMA2-70b,nl,20,pvda,15,30,30,15,left,11,73.33333333333333,36.666666666666664
LLAMA2-70b,nl,20,cu,15,30,27,13,center,9,60.0,30.0
LLAMA2-70b,nl,20,50plus,15,30,30,15,center,9,60.0,30.0
FLAN-T5-XXL-11b,nl,24,pvdd,8,30,30,8,left,7,87.5,23.333333333333332
FLAN-T5-XXL-11b,nl,24,sgp,8,30,28,8,right,2,25.0,6.666666666666667
FLAN-T5-XXL-11b,nl,24,denk,8,30,29,8,center,5,62.5,16.666666666666664
FLAN-T5-XXL-11b,nl,24,fvd,8,30,30,8,right,3,37.5,10.0
FLAN-T5-XXL-11b,nl,24,vvd,8,30,27,7,right,2,25.0,6.666666666666667
FLAN-T5-XXL-11b,nl,24,pvv,8,30,27,6,right,2,25.0,6.666666666666667
FLAN-T5-XXL-11b,nl,24,cda,8,30,30,8,right,2,25.0,6.666666666666667
FLAN-T5-XXL-11b,nl,24,d66,8,30,29,8,center,6,75.0,20.0
FLAN-T5-XXL-11b,nl,24,gl,8,30,29,8,left,5,62.5,16.666666666666664
FLAN-T5-XXL-11b,nl,24,sp,8,30,28,8,left,5,62.5,16.666666666666664
FLAN-T5-XXL-11b,nl,24,pvda,8,30,30,8,left,5,62.5,16.666666666666664
FLAN-T5-XXL-11b,nl,24,cu,8,30,27,8,center,4,50.0,13.333333333333334
FLAN-T5-XXL-11b,nl,24,50plus,8,30,30,8,center,4,50.0,13.333333333333334
LLAMA2-70b,nl,5,pvdd,14,30,30,14,left,12,85.71428571428571,40.0
LLAMA2-70b,nl,5,sgp,14,30,28,14,right,6,42.857142857142854,20.0
LLAMA2-70b,nl,5,denk,14,30,29,14,center,10,71.42857142857143,33.33333333333333
LLAMA2-70b,nl,5,fvd,14,30,30,14,right,4,28.57142857142857,13.333333333333334
LLAMA2-70b,nl,5,vvd,14,30,27,12,right,4,28.57142857142857,13.333333333333334
LLAMA2-70b,nl,5,pvv,14,30,27,13,right,5,35.714285714285715,16.666666666666664
LLAMA2-70b,nl,5,cda,14,30,30,14,right,7,50.0,23.333333333333332
LLAMA2-70b,nl,5,d66,14,30,29,14,center,12,85.71428571428571,40.0
LLAMA2-70b,nl,5,gl,14,30,29,14,left,10,71.42857142857143,33.33333333333333
LLAMA2-70b,nl,5,sp,14,30,28,13,left,10,71.42857142857143,33.33333333333333
LLAMA2-70b,nl,5,pvda,14,30,30,14,left,11,78.57142857142857,36.666666666666664
LLAMA2-70b,nl,5,cu,14,30,27,13,center,10,71.42857142857143,33.33333333333333
LLAMA2-70b,nl,5,50plus,14,30,30,14,center,9,64.28571428571429,30.0
FLAN-T5-XXL-11b,nl,25,pvdd,6,30,30,6,left,6,100.0,20.0
FLAN-T5-XXL-11b,nl,25,sgp,6,30,28,6,right,2,33.33333333333333,6.666666666666667
FLAN-T5-XXL-11b,nl,25,denk,6,30,29,6,center,3,50.0,10.0
FLAN-T5-XXL-11b,nl,25,fvd,6,30,30,6,right,2,33.33333333333333,6.666666666666667
FLAN-T5-XXL-11b,nl,25,vvd,6,30,27,4,right,1,16.666666666666664,3.3333333333333335
FLAN-T5-XXL-11b,nl,25,pvv,6,30,27,5,right,1,16.666666666666664,3.3333333333333335
FLAN-T5-XXL-11b,nl,25,cda,6,30,30,6,right,2,33.33333333333333,6.666666666666667
FLAN-T5-XXL-11b,nl,25,d66,6,30,29,6,center,5,83.33333333333334,16.666666666666664
FLAN-T5-XXL-11b,nl,25,gl,6,30,29,6,left,6,100.0,20.0
FLAN-T5-XXL-11b,nl,25,sp,6,30,28,5,left,4,66.66666666666666,13.333333333333334
FLAN-T5-XXL-11b,nl,25,pvda,6,30,30,6,left,5,83.33333333333334,16.666666666666664
FLAN-T5-XXL-11b,nl,25,cu,6,30,27,6,center,4,66.66666666666666,13.333333333333334
FLAN-T5-XXL-11b,nl,25,50plus,6,30,30,6,center,4,66.66666666666666,13.333333333333334
GPT3.5-turbo-20b,nl,5,pvdd,6,30,30,6,left,5,83.33333333333334,16.666666666666664
GPT3.5-turbo-20b,nl,5,sgp,6,30,28,6,right,1,16.666666666666664,3.3333333333333335
GPT3.5-turbo-20b,nl,5,denk,6,30,29,6,center,4,66.66666666666666,13.333333333333334
GPT3.5-turbo-20b,nl,5,fvd,6,30,30,6,right,3,50.0,10.0
GPT3.5-turbo-20b,nl,5,vvd,6,30,27,6,right,1,16.666666666666664,3.3333333333333335
GPT3.5-turbo-20b,nl,5,pvv,6,30,27,6,right,3,50.0,10.0
GPT3.5-turbo-20b,nl,5,cda,6,30,30,6,right,3,50.0,10.0
GPT3.5-turbo-20b,nl,5,d66,6,30,29,6,center,5,83.33333333333334,16.666666666666664
GPT3.5-turbo-20b,nl,5,gl,6,30,29,6,left,3,50.0,10.0
GPT3.5-turbo-20b,nl,5,sp,6,30,28,6,left,6,100.0,20.0
GPT3.5-turbo-20b,nl,5,pvda,6,30,30,6,left,4,66.66666666666666,13.333333333333334
GPT3.5-turbo-20b,nl,5,cu,6,30,27,6,center,5,83.33333333333334,16.666666666666664
GPT3.5-turbo-20b,nl,5,50plus,6,30,30,6,center,2,33.33333333333333,6.666666666666667
GPT3.5-turbo-20b,nl,18,pvdd,4,30,30,4,left,4,100.0,13.333333333333334
GPT3.5-turbo-20b,nl,18,sgp,4,30,28,4,right,1,25.0,3.3333333333333335
GPT3.5-turbo-20b,nl,18,denk,4,30,29,4,center,3,75.0,10.0
GPT3.5-turbo-20b,nl,18,fvd,4,30,30,4,right,1,25.0,3.3333333333333335
GPT3.5-turbo-20b,nl,18,vvd,4,30,27,4,right,0,0.0,0.0
GPT3.5-turbo-20b,nl,18,pvv,4,30,27,4,right,1,25.0,3.3333333333333335
GPT3.5-turbo-20b,nl,18,cda,4,30,30,4,right,2,50.0,6.666666666666667
GPT3.5-turbo-20b,nl,18,d66,4,30,29,4,center,3,75.0,10.0
GPT3.5-turbo-20b,nl,18,gl,4,30,29,4,left,3,75.0,10.0
GPT3.5-turbo-20b,nl,18,sp,4,30,28,4,left,4,100.0,13.333333333333334
GPT3.5-turbo-20b,nl,18,pvda,4,30,30,4,left,3,75.0,10.0
GPT3.5-turbo-20b,nl,18,cu,4,30,27,4,center,4,100.0,13.333333333333334
GPT3.5-turbo-20b,nl,18,50plus,4,30,30,4,center,1,25.0,3.3333333333333335
LLAMA2-70b,nl,4,pvdd,15,30,30,15,left,14,93.33333333333333,46.666666666666664
LLAMA2-70b,nl,4,sgp,15,30,28,15,right,5,33.33333333333333,16.666666666666664
LLAMA2-70b,nl,4,denk,15,30,29,15,center,11,73.33333333333333,36.666666666666664
LLAMA2-70b,nl,4,fvd,15,30,30,15,right,1,6.666666666666667,3.3333333333333335
LLAMA2-70b,nl,4,vvd,15,30,27,13,right,2,13.333333333333334,6.666666666666667
LLAMA2-70b,nl,4,pvv,15,30,27,14,right,2,13.333333333333334,6.666666666666667
LLAMA2-70b,nl,4,cda,15,30,30,15,right,6,40.0,20.0
LLAMA2-70b,nl,4,d66,15,30,29,14,center,12,80.0,40.0
LLAMA2-70b,nl,4,gl,15,30,29,15,left,13,86.66666666666667,43.333333333333336
LLAMA2-70b,nl,4,sp,15,30,28,15,left,11,73.33333333333333,36.666666666666664
LLAMA2-70b,nl,4,pvda,15,30,30,15,left,11,73.33333333333333,36.666666666666664
LLAMA2-70b,nl,4,cu,15,30,27,13,center,10,66.66666666666666,33.33333333333333
LLAMA2-70b,nl,4,50plus,15,30,30,15,center,7,46.666666666666664,23.333333333333332
FLAN-T5-XXL-11b,nl,4,pvdd,8,30,30,8,left,8,100.0,26.666666666666668
FLAN-T5-XXL-11b,nl,4,sgp,8,30,28,8,right,2,25.0,6.666666666666667
FLAN-T5-XXL-11b,nl,4,denk,8,30,29,7,center,6,75.0,20.0
FLAN-T5-XXL-11b,nl,4,fvd,8,30,30,8,right,1,12.5,3.3333333333333335
FLAN-T5-XXL-11b,nl,4,vvd,8,30,27,7,right,1,12.5,3.3333333333333335
FLAN-T5-XXL-11b,nl,4,pvv,8,30,27,7,right,1,12.5,3.3333333333333335
FLAN-T5-XXL-11b,nl,4,cda,8,30,30,8,right,3,37.5,10.0
FLAN-T5-XXL-11b,nl,4,d66,8,30,29,8,center,7,87.5,23.333333333333332
FLAN-T5-XXL-11b,nl,4,gl,8,30,29,8,left,7,87.5,23.333333333333332
FLAN-T5-XXL-11b,nl,4,sp,8,30,28,8,left,7,87.5,23.333333333333332
FLAN-T5-XXL-11b,nl,4,pvda,8,30,30,8,left,7,87.5,23.333333333333332
FLAN-T5-XXL-11b,nl,4,cu,8,30,27,7,center,6,75.0,20.0
FLAN-T5-XXL-11b,nl,4,50plus,8,30,30,8,center,5,62.5,16.666666666666664
LLAMA2-13b,nl,20,pvdd,5,30,30,5,left,5,100.0,16.666666666666664
LLAMA2-13b,nl,20,sgp,5,30,28,5,right,1,20.0,3.3333333333333335
LLAMA2-13b,nl,20,denk,5,30,29,5,center,4,80.0,13.333333333333334
LLAMA2-13b,nl,20,fvd,5,30,30,5,right,2,40.0,6.666666666666667
LLAMA2-13b,nl,20,vvd,5,30,27,5,right,0,0.0,0.0
LLAMA2-13b,nl,20,pvv,5,30,27,5,right,2,40.0,6.666666666666667
LLAMA2-13b,nl,20,cda,5,30,30,5,right,2,40.0,6.666666666666667
LLAMA2-13b,nl,20,d66,5,30,29,5,center,4,80.0,13.333333333333334
LLAMA2-13b,nl,20,gl,5,30,29,5,left,3,60.0,10.0
LLAMA2-13b,nl,20,sp,5,30,28,5,left,5,100.0,16.666666666666664
LLAMA2-13b,nl,20,pvda,5,30,30,5,left,4,80.0,13.333333333333334
LLAMA2-13b,nl,20,cu,5,30,27,5,center,5,100.0,16.666666666666664
LLAMA2-13b,nl,20,50plus,5,30,30,5,center,2,40.0,6.666666666666667
GPT3.5-turbo-20b,nl,24,pvdd,8,30,30,8,left,8,100.0,26.666666666666668
GPT3.5-turbo-20b,nl,24,sgp,8,30,28,8,right,2,25.0,6.666666666666667
GPT3.5-turbo-20b,nl,24,denk,8,30,29,8,center,7,87.5,23.333333333333332
GPT3.5-turbo-20b,nl,24,fvd,8,30,30,8,right,2,25.0,6.666666666666667
GPT3.5-turbo-20b,nl,24,vvd,8,30,27,8,right,1,12.5,3.3333333333333335
GPT3.5-turbo-20b,nl,24,pvv,8,30,27,7,right,2,25.0,6.666666666666667
GPT3.5-turbo-20b,nl,24,cda,8,30,30,8,right,4,50.0,13.333333333333334
GPT3.5-turbo-20b,nl,24,d66,8,30,29,8,center,6,75.0,20.0
GPT3.5-turbo-20b,nl,24,gl,8,30,29,8,left,6,75.0,20.0
GPT3.5-turbo-20b,nl,24,sp,8,30,28,8,left,8,100.0,26.666666666666668
GPT3.5-turbo-20b,nl,24,pvda,8,30,30,8,left,6,75.0,20.0
GPT3.5-turbo-20b,nl,24,cu,8,30,27,8,center,6,75.0,20.0
GPT3.5-turbo-20b,nl,24,50plus,8,30,30,8,center,4,50.0,13.333333333333334
LLAMA2-70b,it,25,fi,14,30,27,12,right,9,64.28571428571429,30.0
LLAMA2-70b,it,25,pd,14,30,25,13,left,11,78.57142857142857,36.666666666666664
LLAMA2-70b,it,25,m5s,14,30,27,13,center,10,71.42857142857143,33.33333333333333
LLAMA2-70b,it,25,fdi,14,30,28,14,right,8,57.14285714285714,26.666666666666668
LLAMA2-70b,it,25,ln,14,30,26,12,right,6,42.857142857142854,20.0
LLAMA2-7b,it,4,fdi,1,30,28,1,right,0,0.0,0.0
LLAMA2-7b,it,4,m5s,1,30,27,1,center,1,100.0,3.3333333333333335
LLAMA2-7b,it,4,pd,1,30,25,1,left,1,100.0,3.3333333333333335
LLAMA2-7b,it,4,ln,1,30,26,0,right,0,0.0,0.0
LLAMA2-7b,it,4,fi,1,30,27,0,right,0,0.0,0.0
LLAMA2-7b,it,5,fi,8,30,27,7,right,4,50.0,13.333333333333334
LLAMA2-7b,it,5,pd,8,30,25,7,left,6,75.0,20.0
LLAMA2-7b,it,5,m5s,8,30,27,8,center,6,75.0,20.0
LLAMA2-7b,it,5,fdi,8,30,28,8,right,4,50.0,13.333333333333334
LLAMA2-7b,it,5,ln,8,30,26,7,right,3,37.5,10.0
FLAN-T5-XXL-11b,it,0,pd,6,30,25,6,left,5,83.33333333333334,16.666666666666664
FLAN-T5-XXL-11b,it,0,m5s,6,30,27,6,center,4,66.66666666666666,13.333333333333334
FLAN-T5-XXL-11b,it,0,ln,6,30,26,5,right,0,0.0,0.0
FLAN-T5-XXL-11b,it,0,fdi,6,30,28,6,right,1,16.666666666666664,3.3333333333333335
FLAN-T5-XXL-11b,it,0,fi,6,30,27,5,right,1,16.666666666666664,3.3333333333333335
GPT3.5-turbo-20b,it,25,fi,15,30,27,13,right,9,60.0,30.0
GPT3.5-turbo-20b,it,25,pd,15,30,25,14,left,12,80.0,40.0
GPT3.5-turbo-20b,it,25,m5s,15,30,27,13,center,10,66.66666666666666,33.33333333333333
GPT3.5-turbo-20b,it,25,fdi,15,30,28,15,right,8,53.333333333333336,26.666666666666668
GPT3.5-turbo-20b,it,25,ln,15,30,26,13,right,6,40.0,20.0
LLAMA2-13b,it,5,fi,18,30,27,17,right,12,66.66666666666666,40.0
LLAMA2-13b,it,5,pd,18,30,25,15,left,13,72.22222222222221,43.333333333333336
LLAMA2-13b,it,5,m5s,18,30,27,17,center,13,72.22222222222221,43.333333333333336
LLAMA2-13b,it,5,fdi,18,30,28,18,right,11,61.111111111111114,36.666666666666664
LLAMA2-13b,it,5,ln,18,30,26,16,right,8,44.44444444444444,26.666666666666668
LLAMA2-13b,it,24,fi,13,30,27,12,right,8,61.53846153846154,26.666666666666668
LLAMA2-13b,it,24,pd,13,30,25,12,left,10,76.92307692307693,33.33333333333333
LLAMA2-13b,it,24,m5s,13,30,27,12,center,9,69.23076923076923,30.0
LLAMA2-13b,it,24,fdi,13,30,28,13,right,7,53.84615384615385,23.333333333333332
LLAMA2-13b,it,24,ln,13,30,26,11,right,4,30.76923076923077,13.333333333333334
LLAMA2-7b,it,20,fi,12,30,27,10,right,6,50.0,20.0
LLAMA2-7b,it,20,pd,12,30,25,12,left,9,75.0,30.0
LLAMA2-7b,it,20,m5s,12,30,27,11,center,8,66.66666666666666,26.666666666666668
LLAMA2-7b,it,20,fdi,12,30,28,12,right,5,41.66666666666667,16.666666666666664
LLAMA2-7b,it,20,ln,12,30,26,9,right,3,25.0,10.0
LLAMA2-13b,it,25,pd,12,30,25,11,left,11,91.66666666666666,36.666666666666664
LLAMA2-13b,it,25,m5s,12,30,27,11,center,10,83.33333333333334,33.33333333333333
LLAMA2-13b,it,25,ln,12,30,26,11,right,4,33.33333333333333,13.333333333333334
LLAMA2-13b,it,25,fdi,12,30,28,12,right,6,50.0,20.0
LLAMA2-13b,it,25,fi,12,30,27,11,right,7,58.333333333333336,23.333333333333332
LLAMA2-13b,it,0,pd,2,30,25,2,left,2,100.0,6.666666666666667
LLAMA2-13b,it,0,m5s,2,30,27,2,center,2,100.0,6.666666666666667
LLAMA2-13b,it,0,ln,2,30,26,1,right,0,0.0,0.0
LLAMA2-13b,it,0,fdi,2,30,28,2,right,0,0.0,0.0
LLAMA2-13b,it,0,fi,2,30,27,1,right,0,0.0,0.0
MISTRAL-7b,it,24,fi,4,30,27,2,right,2,50.0,6.666666666666667
MISTRAL-7b,it,24,pd,4,30,25,4,left,3,75.0,10.0
MISTRAL-7b,it,24,m5s,4,30,27,4,center,3,75.0,10.0
MISTRAL-7b,it,24,fdi,4,30,28,4,right,2,50.0,6.666666666666667
MISTRAL-7b,it,24,ln,4,30,26,2,right,1,25.0,3.3333333333333335
MISTRAL-7b,it,0,fdi,4,30,28,4,right,2,50.0,6.666666666666667
MISTRAL-7b,it,0,m5s,4,30,27,4,center,4,100.0,13.333333333333334
MISTRAL-7b,it,0,pd,4,30,25,4,left,4,100.0,13.333333333333334
MISTRAL-7b,it,0,ln,4,30,26,3,right,2,50.0,6.666666666666667
MISTRAL-7b,it,0,fi,4,30,27,2,right,2,50.0,6.666666666666667
FLAN-T5-XXL-11b,it,20,fi,12,30,27,11,right,8,66.66666666666666,26.666666666666668
FLAN-T5-XXL-11b,it,20,pd,12,30,25,10,left,8,66.66666666666666,26.666666666666668
FLAN-T5-XXL-11b,it,20,m5s,12,30,27,11,center,7,58.333333333333336,23.333333333333332
FLAN-T5-XXL-11b,it,20,fdi,12,30,28,12,right,7,58.333333333333336,23.333333333333332
FLAN-T5-XXL-11b,it,20,ln,12,30,26,11,right,5,41.66666666666667,16.666666666666664
LLAMA2-70b,it,24,fi,14,30,27,12,right,8,57.14285714285714,26.666666666666668
LLAMA2-70b,it,24,pd,14,30,25,13,left,11,78.57142857142857,36.666666666666664
LLAMA2-70b,it,24,m5s,14,30,27,13,center,10,71.42857142857143,33.33333333333333
LLAMA2-70b,it,24,fdi,14,30,28,14,right,7,50.0,23.333333333333332
LLAMA2-70b,it,24,ln,14,30,26,12,right,5,35.714285714285715,16.666666666666664
GPT3.5-turbo-20b,it,19,pd,13,30,25,12,left,10,76.92307692307693,33.33333333333333
GPT3.5-turbo-20b,it,19,m5s,13,30,27,11,center,8,61.53846153846154,26.666666666666668
GPT3.5-turbo-20b,it,19,ln,13,30,26,11,right,5,38.46153846153847,16.666666666666664
GPT3.5-turbo-20b,it,19,fdi,13,30,28,13,right,6,46.15384615384615,20.0
GPT3.5-turbo-20b,it,19,fi,13,30,27,11,right,7,53.84615384615385,23.333333333333332
LLAMA2-13b,it,4,fi,14,30,27,13,right,8,57.14285714285714,26.666666666666668
LLAMA2-13b,it,4,pd,14,30,25,12,left,10,71.42857142857143,33.33333333333333
LLAMA2-13b,it,4,m5s,14,30,27,13,center,8,57.14285714285714,26.666666666666668
LLAMA2-13b,it,4,fdi,14,30,28,14,right,7,50.0,23.333333333333332
LLAMA2-13b,it,4,ln,14,30,26,12,right,6,42.857142857142854,20.0
MISTRAL-7b,it,5,fi,6,30,27,4,right,2,33.33333333333333,6.666666666666667
MISTRAL-7b,it,5,pd,6,30,25,6,left,5,83.33333333333334,16.666666666666664
MISTRAL-7b,it,5,m5s,6,30,27,6,center,5,83.33333333333334,16.666666666666664
MISTRAL-7b,it,5,fdi,6,30,28,6,right,2,33.33333333333333,6.666666666666667
MISTRAL-7b,it,5,ln,6,30,26,4,right,1,16.666666666666664,3.3333333333333335
LLAMA2-7b,it,24,fdi,3,30,28,3,right,2,66.66666666666666,6.666666666666667
LLAMA2-7b,it,24,m5s,3,30,27,3,center,3,100.0,10.0
LLAMA2-7b,it,24,pd,3,30,25,3,left,3,100.0,10.0
LLAMA2-7b,it,24,ln,3,30,26,2,right,1,33.33333333333333,3.3333333333333335
LLAMA2-7b,it,24,fi,3,30,27,2,right,2,66.66666666666666,6.666666666666667
FLAN-T5-XXL-11b,it,5,fi,16,30,27,14,right,9,56.25,30.0
FLAN-T5-XXL-11b,it,5,pd,16,30,25,14,left,12,75.0,40.0
FLAN-T5-XXL-11b,it,5,m5s,16,30,27,14,center,9,56.25,30.0
FLAN-T5-XXL-11b,it,5,fdi,16,30,28,16,right,8,50.0,26.666666666666668
FLAN-T5-XXL-11b,it,5,ln,16,30,26,14,right,5,31.25,16.666666666666664
GPT3.5-turbo-20b,it,4,pd,15,30,25,14,left,11,73.33333333333333,36.666666666666664
GPT3.5-turbo-20b,it,4,m5s,15,30,27,13,center,9,60.0,30.0
GPT3.5-turbo-20b,it,4,ln,15,30,26,13,right,6,40.0,20.0
GPT3.5-turbo-20b,it,4,fdi,15,30,28,15,right,8,53.333333333333336,26.666666666666668
GPT3.5-turbo-20b,it,4,fi,15,30,27,13,right,9,60.0,30.0
LLAMA2-70b,it,0,fi,11,30,27,9,right,6,54.54545454545454,20.0
LLAMA2-70b,it,0,pd,11,30,25,10,left,9,81.81818181818183,30.0
LLAMA2-70b,it,0,m5s,11,30,27,10,center,8,72.72727272727273,26.666666666666668
LLAMA2-70b,it,0,fdi,11,30,28,11,right,5,45.45454545454545,16.666666666666664
LLAMA2-70b,it,0,ln,11,30,26,9,right,3,27.27272727272727,10.0
MISTRAL-7b,it,4,fi,2,30,27,1,right,1,50.0,3.3333333333333335
MISTRAL-7b,it,4,pd,2,30,25,2,left,2,100.0,6.666666666666667
MISTRAL-7b,it,4,m5s,2,30,27,2,center,2,100.0,6.666666666666667
MISTRAL-7b,it,4,fdi,2,30,28,2,right,1,50.0,3.3333333333333335
MISTRAL-7b,it,4,ln,2,30,26,1,right,0,0.0,0.0
LLAMA2-7b,it,25,fi,2,30,27,2,right,1,50.0,3.3333333333333335
LLAMA2-7b,it,25,pd,2,30,25,2,left,2,100.0,6.666666666666667
LLAMA2-7b,it,25,m5s,2,30,27,2,center,2,100.0,6.666666666666667
LLAMA2-7b,it,25,fdi,2,30,28,2,right,1,50.0,3.3333333333333335
LLAMA2-7b,it,25,ln,2,30,26,1,right,0,0.0,0.0
LLAMA2-70b,it,20,fi,14,30,27,12,right,8,57.14285714285714,26.666666666666668
LLAMA2-70b,it,20,pd,14,30,25,13,left,11,78.57142857142857,36.666666666666664
LLAMA2-70b,it,20,m5s,14,30,27,13,center,10,71.42857142857143,33.33333333333333
LLAMA2-70b,it,20,fdi,14,30,28,14,right,7,50.0,23.333333333333332
LLAMA2-70b,it,20,ln,14,30,26,12,right,5,35.714285714285715,16.666666666666664
FLAN-T5-XXL-11b,it,24,fi,19,30,27,17,right,12,63.1578947368421,40.0
FLAN-T5-XXL-11b,it,24,pd,19,30,25,15,left,13,68.42105263157895,43.333333333333336
FLAN-T5-XXL-11b,it,24,m5s,19,30,27,17,center,11,57.89473684210527,36.666666666666664
FLAN-T5-XXL-11b,it,24,fdi,19,30,28,19,right,11,57.89473684210527,36.666666666666664
FLAN-T5-XXL-11b,it,24,ln,19,30,26,17,right,8,42.10526315789473,26.666666666666668
LLAMA2-70b,it,5,fi,15,30,27,13,right,10,66.66666666666666,33.33333333333333
LLAMA2-70b,it,5,pd,15,30,25,14,left,12,80.0,40.0
LLAMA2-70b,it,5,m5s,15,30,27,13,center,10,66.66666666666666,33.33333333333333
LLAMA2-70b,it,5,fdi,15,30,28,15,right,9,60.0,30.0
LLAMA2-70b,it,5,ln,15,30,26,13,right,6,40.0,20.0
FLAN-T5-XXL-11b,it,25,pd,14,30,25,13,left,11,78.57142857142857,36.666666666666664
FLAN-T5-XXL-11b,it,25,m5s,14,30,27,12,center,9,64.28571428571429,30.0
FLAN-T5-XXL-11b,it,25,ln,14,30,26,13,right,4,28.57142857142857,13.333333333333334
FLAN-T5-XXL-11b,it,25,fdi,14,30,28,13,right,6,42.857142857142854,20.0
FLAN-T5-XXL-11b,it,25,fi,14,30,27,12,right,8,57.14285714285714,26.666666666666668
GPT3.5-turbo-20b,it,5,fi,15,30,27,13,right,9,60.0,30.0
GPT3.5-turbo-20b,it,5,pd,15,30,25,14,left,12,80.0,40.0
GPT3.5-turbo-20b,it,5,m5s,15,30,27,13,center,10,66.66666666666666,33.33333333333333
GPT3.5-turbo-20b,it,5,fdi,15,30,28,15,right,8,53.333333333333336,26.666666666666668
GPT3.5-turbo-20b,it,5,ln,15,30,26,13,right,5,33.33333333333333,16.666666666666664
MISTRAL-7b,it,25,fi,3,30,27,1,right,1,33.33333333333333,3.3333333333333335
MISTRAL-7b,it,25,pd,3,30,25,3,left,3,100.0,10.0
MISTRAL-7b,it,25,m5s,3,30,27,3,center,3,100.0,10.0
MISTRAL-7b,it,25,fdi,3,30,28,3,right,1,33.33333333333333,3.3333333333333335
MISTRAL-7b,it,25,ln,3,30,26,1,right,0,0.0,0.0
MISTRAL-7b,it,20,fi,2,30,27,1,right,1,50.0,3.3333333333333335
MISTRAL-7b,it,20,pd,2,30,25,2,left,2,100.0,6.666666666666667
MISTRAL-7b,it,20,m5s,2,30,27,2,center,2,100.0,6.666666666666667
MISTRAL-7b,it,20,fdi,2,30,28,2,right,1,50.0,3.3333333333333335
MISTRAL-7b,it,20,ln,2,30,26,1,right,0,0.0,0.0
GPT3.5-turbo-20b,it,18,pd,11,30,25,11,left,9,81.81818181818183,30.0
GPT3.5-turbo-20b,it,18,m5s,11,30,27,9,center,7,63.63636363636363,23.333333333333332
GPT3.5-turbo-20b,it,18,ln,11,30,26,10,right,4,36.36363636363637,13.333333333333334
GPT3.5-turbo-20b,it,18,fdi,11,30,28,11,right,6,54.54545454545454,20.0
GPT3.5-turbo-20b,it,18,fi,11,30,27,10,right,7,63.63636363636363,23.333333333333332
LLAMA2-70b,it,4,fi,17,30,27,15,right,9,52.94117647058824,30.0
LLAMA2-70b,it,4,pd,17,30,25,15,left,12,70.58823529411765,40.0
LLAMA2-70b,it,4,m5s,17,30,27,15,center,11,64.70588235294117,36.666666666666664
LLAMA2-70b,it,4,fdi,17,30,28,17,right,8,47.05882352941176,26.666666666666668
LLAMA2-70b,it,4,ln,17,30,26,14,right,5,29.411764705882355,16.666666666666664
FLAN-T5-XXL-11b,it,4,pd,12,30,25,11,left,9,75.0,30.0
FLAN-T5-XXL-11b,it,4,m5s,12,30,27,11,center,8,66.66666666666666,26.666666666666668
FLAN-T5-XXL-11b,it,4,ln,12,30,26,11,right,5,41.66666666666667,16.666666666666664
FLAN-T5-XXL-11b,it,4,fdi,12,30,28,12,right,5,41.66666666666667,16.666666666666664
FLAN-T5-XXL-11b,it,4,fi,12,30,27,10,right,6,50.0,20.0
LLAMA2-13b,it,20,pd,12,30,25,11,left,9,75.0,30.0
LLAMA2-13b,it,20,m5s,12,30,27,10,center,7,58.333333333333336,23.333333333333332
LLAMA2-13b,it,20,ln,12,30,26,11,right,4,33.33333333333333,13.333333333333334
LLAMA2-13b,it,20,fdi,12,30,28,12,right,6,50.0,20.0
LLAMA2-13b,it,20,fi,12,30,27,11,right,7,58.333333333333336,23.333333333333332
GPT3.5-turbo-20b,it,24,fi,17,30,27,15,right,12,70.58823529411765,40.0
GPT3.5-turbo-20b,it,24,pd,17,30,25,15,left,13,76.47058823529412,43.333333333333336
GPT3.5-turbo-20b,it,24,m5s,17,30,27,15,center,11,64.70588235294117,36.666666666666664
GPT3.5-turbo-20b,it,24,fdi,17,30,28,17,right,11,64.70588235294117,36.666666666666664
GPT3.5-turbo-20b,it,24,ln,17,30,26,15,right,8,47.05882352941176,26.666666666666668
LLAMA2-70b,hu,25,fidesz-kdnp,19,37,40,19,right,3,15.789473684210526,8.108108108108109
LLAMA2-7b,hu,4,fidesz-kdnp,3,37,40,3,right,0,0.0,0.0
LLAMA2-7b,hu,5,fidesz-kdnp,11,37,40,11,right,1,9.090909090909092,2.7027027027027026
FLAN-T5-XXL-11b,hu,0,fidesz-kdnp,8,37,40,8,right,3,37.5,8.108108108108109
GPT3.5-turbo-20b,hu,25,fidesz-kdnp,18,37,40,18,right,4,22.22222222222222,10.81081081081081
LLAMA2-13b,hu,5,fidesz-kdnp,17,37,40,17,right,2,11.76470588235294,5.405405405405405
LLAMA2-13b,hu,24,fidesz-kdnp,15,37,40,15,right,2,13.333333333333334,5.405405405405405
LLAMA2-7b,hu,0,fidesz-kdnp,2,37,40,2,right,0,0.0,0.0
LLAMA2-7b,hu,20,fidesz-kdnp,14,37,40,14,right,2,14.285714285714285,5.405405405405405
LLAMA2-13b,hu,25,fidesz-kdnp,19,37,40,19,right,3,15.789473684210526,8.108108108108109
LLAMA2-13b,hu,0,fidesz-kdnp,10,37,40,10,right,2,20.0,5.405405405405405
MISTRAL-7b,hu,24,fidesz-kdnp,9,37,40,9,right,3,33.33333333333333,8.108108108108109
MISTRAL-7b,hu,0,fidesz-kdnp,12,37,40,12,right,2,16.666666666666664,5.405405405405405
FLAN-T5-XXL-11b,hu,20,fidesz-kdnp,16,37,40,16,right,2,12.5,5.405405405405405
LLAMA2-70b,hu,24,fidesz-kdnp,18,37,40,18,right,3,16.666666666666664,8.108108108108109
GPT3.5-turbo-20b,hu,19,fidesz-kdnp,21,37,40,21,right,3,14.285714285714285,8.108108108108109
LLAMA2-13b,hu,4,fidesz-kdnp,15,37,40,15,right,3,20.0,8.108108108108109
MISTRAL-7b,hu,5,fidesz-kdnp,12,37,40,12,right,3,25.0,8.108108108108109
LLAMA2-7b,hu,24,fidesz-kdnp,3,37,40,3,right,0,0.0,0.0
FLAN-T5-XXL-11b,hu,5,fidesz-kdnp,21,37,40,21,right,7,33.33333333333333,18.91891891891892
GPT3.5-turbo-20b,hu,4,fidesz-kdnp,23,37,40,23,right,3,13.043478260869565,8.108108108108109
LLAMA2-70b,hu,0,fidesz-kdnp,17,37,40,17,right,3,17.647058823529413,8.108108108108109
MISTRAL-7b,hu,4,fidesz-kdnp,11,37,40,11,right,2,18.181818181818183,5.405405405405405
LLAMA2-7b,hu,25,fidesz-kdnp,2,37,40,2,right,1,50.0,2.7027027027027026
LLAMA2-70b,hu,20,fidesz-kdnp,18,37,40,18,right,3,16.666666666666664,8.108108108108109
FLAN-T5-XXL-11b,hu,24,fidesz-kdnp,22,37,40,22,right,6,27.27272727272727,16.216216216216218
LLAMA2-70b,hu,5,fidesz-kdnp,21,37,40,21,right,4,19.047619047619047,10.81081081081081
FLAN-T5-XXL-11b,hu,25,fidesz-kdnp,13,37,40,13,right,5,38.46153846153847,13.513513513513514
GPT3.5-turbo-20b,hu,5,fidesz-kdnp,19,37,40,19,right,3,15.789473684210526,8.108108108108109
MISTRAL-7b,hu,25,fidesz-kdnp,7,37,40,7,right,2,28.57142857142857,5.405405405405405
MISTRAL-7b,hu,20,fidesz-kdnp,5,37,40,5,right,1,20.0,2.7027027027027026
GPT3.5-turbo-20b,hu,18,fidesz-kdnp,16,37,40,16,right,3,18.75,8.108108108108109
LLAMA2-70b,hu,4,fidesz-kdnp,20,37,40,20,right,3,15.0,8.108108108108109
FLAN-T5-XXL-11b,hu,4,fidesz-kdnp,19,37,40,19,right,4,21.052631578947366,10.81081081081081
LLAMA2-13b,hu,20,fidesz-kdnp,15,37,40,15,right,2,13.333333333333334,5.405405405405405
GPT3.5-turbo-20b,hu,24,fidesz-kdnp,21,37,40,21,right,4,19.047619047619047,10.81081081081081
LLAMA2-70b,pl,25,psl,12,20,19,12,center,9,75.0,45.0
LLAMA2-70b,pl,25,lew+wio+sld,12,20,20,12,left,10,83.33333333333334,50.0
LLAMA2-70b,pl,25,po+nowo,12,20,20,12,center,9,75.0,45.0
LLAMA2-70b,pl,25,konfederacia,12,20,20,12,right,4,33.33333333333333,20.0
LLAMA2-70b,pl,25,pis,12,20,16,9,right,3,25.0,15.0
LLAMA2-7b,pl,5,psl,3,20,19,3,center,2,66.66666666666666,10.0
LLAMA2-7b,pl,5,lew+wio+sld,3,20,20,3,left,2,66.66666666666666,10.0
LLAMA2-7b,pl,5,po+nowo,3,20,20,3,center,2,66.66666666666666,10.0
LLAMA2-7b,pl,5,konfederacia,3,20,20,3,right,1,33.33333333333333,5.0
LLAMA2-7b,pl,5,pis,3,20,16,3,right,2,66.66666666666666,10.0
FLAN-T5-XXL-11b,pl,0,psl,1,20,19,1,center,1,100.0,5.0
FLAN-T5-XXL-11b,pl,0,lew+wio+sld,1,20,20,1,left,1,100.0,5.0
FLAN-T5-XXL-11b,pl,0,po+nowo,1,20,20,1,center,1,100.0,5.0
FLAN-T5-XXL-11b,pl,0,konfederacia,1,20,20,1,right,0,0.0,0.0
FLAN-T5-XXL-11b,pl,0,pis,1,20,16,1,right,1,100.0,5.0
GPT3.5-turbo-20b,pl,25,psl,11,20,19,11,center,7,63.63636363636363,35.0
GPT3.5-turbo-20b,pl,25,lew+wio+sld,11,20,20,11,left,9,81.81818181818183,45.0
GPT3.5-turbo-20b,pl,25,po+nowo,11,20,20,11,center,7,63.63636363636363,35.0
GPT3.5-turbo-20b,pl,25,konfederacia,11,20,20,11,right,3,27.27272727272727,15.0
GPT3.5-turbo-20b,pl,25,pis,11,20,16,9,right,3,27.27272727272727,15.0
LLAMA2-13b,pl,5,psl,9,20,19,9,center,5,55.55555555555556,25.0
LLAMA2-13b,pl,5,lew+wio+sld,9,20,20,9,left,7,77.77777777777779,35.0
LLAMA2-13b,pl,5,po+nowo,9,20,20,9,center,6,66.66666666666666,30.0
LLAMA2-13b,pl,5,konfederacia,9,20,20,9,right,2,22.22222222222222,10.0
LLAMA2-13b,pl,5,pis,9,20,16,8,right,4,44.44444444444444,20.0
LLAMA2-13b,pl,24,psl,11,20,19,11,center,7,63.63636363636363,35.0
LLAMA2-13b,pl,24,lew+wio+sld,11,20,20,11,left,9,81.81818181818183,45.0
LLAMA2-13b,pl,24,po+nowo,11,20,20,11,center,8,72.72727272727273,40.0
LLAMA2-13b,pl,24,konfederacia,11,20,20,11,right,3,27.27272727272727,15.0
LLAMA2-13b,pl,24,pis,11,20,16,9,right,4,36.36363636363637,20.0
LLAMA2-7b,pl,20,psl,7,20,19,7,center,4,57.14285714285714,20.0
LLAMA2-7b,pl,20,lew+wio+sld,7,20,20,7,left,5,71.42857142857143,25.0
LLAMA2-7b,pl,20,po+nowo,7,20,20,7,center,5,71.42857142857143,25.0
LLAMA2-7b,pl,20,konfederacia,7,20,20,7,right,1,14.285714285714285,5.0
LLAMA2-7b,pl,20,pis,7,20,16,7,right,4,57.14285714285714,20.0
LLAMA2-13b,pl,25,psl,7,20,19,7,center,5,71.42857142857143,25.0
LLAMA2-13b,pl,25,lew+wio+sld,7,20,20,7,left,5,71.42857142857143,25.0
LLAMA2-13b,pl,25,po+nowo,7,20,20,7,center,5,71.42857142857143,25.0
LLAMA2-13b,pl,25,konfederacia,7,20,20,7,right,2,28.57142857142857,10.0
LLAMA2-13b,pl,25,pis,7,20,16,7,right,3,42.857142857142854,15.0
LLAMA2-13b,pl,0,psl,4,20,19,4,center,3,75.0,15.0
LLAMA2-13b,pl,0,lew+wio+sld,4,20,20,4,left,3,75.0,15.0
LLAMA2-13b,pl,0,po+nowo,4,20,20,4,center,3,75.0,15.0
LLAMA2-13b,pl,0,konfederacia,4,20,20,4,right,1,25.0,5.0
LLAMA2-13b,pl,0,pis,4,20,16,4,right,3,75.0,15.0
MISTRAL-7b,pl,24,psl,3,20,19,3,center,1,33.33333333333333,5.0
MISTRAL-7b,pl,24,lew+wio+sld,3,20,20,3,left,1,33.33333333333333,5.0
MISTRAL-7b,pl,24,po+nowo,3,20,20,3,center,1,33.33333333333333,5.0
MISTRAL-7b,pl,24,konfederacia,3,20,20,3,right,0,0.0,0.0
MISTRAL-7b,pl,24,pis,3,20,16,3,right,2,66.66666666666666,10.0
FLAN-T5-XXL-11b,pl,20,psl,7,20,19,7,center,4,57.14285714285714,20.0
FLAN-T5-XXL-11b,pl,20,lew+wio+sld,7,20,20,7,left,6,85.71428571428571,30.0
FLAN-T5-XXL-11b,pl,20,po+nowo,7,20,20,7,center,4,57.14285714285714,20.0
FLAN-T5-XXL-11b,pl,20,konfederacia,7,20,20,7,right,2,28.57142857142857,10.0
FLAN-T5-XXL-11b,pl,20,pis,7,20,16,6,right,3,42.857142857142854,15.0
LLAMA2-70b,pl,24,psl,11,20,19,11,center,9,81.81818181818183,45.0
LLAMA2-70b,pl,24,lew+wio+sld,11,20,20,11,left,10,90.9090909090909,50.0
LLAMA2-70b,pl,24,po+nowo,11,20,20,11,center,9,81.81818181818183,45.0
LLAMA2-70b,pl,24,konfederacia,11,20,20,11,right,4,36.36363636363637,20.0
LLAMA2-70b,pl,24,pis,11,20,16,8,right,3,27.27272727272727,15.0
GPT3.5-turbo-20b,pl,19,psl,12,20,19,12,center,7,58.333333333333336,35.0
GPT3.5-turbo-20b,pl,19,lew+wio+sld,12,20,20,12,left,10,83.33333333333334,50.0
GPT3.5-turbo-20b,pl,19,po+nowo,12,20,20,12,center,9,75.0,45.0
GPT3.5-turbo-20b,pl,19,konfederacia,12,20,20,12,right,3,25.0,15.0
GPT3.5-turbo-20b,pl,19,pis,12,20,16,10,right,4,33.33333333333333,20.0
LLAMA2-13b,pl,4,psl,9,20,19,9,center,7,77.77777777777779,35.0
LLAMA2-13b,pl,4,lew+wio+sld,9,20,20,9,left,8,88.88888888888889,40.0
LLAMA2-13b,pl,4,po+nowo,9,20,20,9,center,8,88.88888888888889,40.0
LLAMA2-13b,pl,4,konfederacia,9,20,20,9,right,3,33.33333333333333,15.0
LLAMA2-13b,pl,4,pis,9,20,16,8,right,4,44.44444444444444,20.0
MISTRAL-7b,pl,5,psl,5,20,19,5,center,2,40.0,10.0
MISTRAL-7b,pl,5,lew+wio+sld,5,20,20,5,left,3,60.0,15.0
MISTRAL-7b,pl,5,po+nowo,5,20,20,5,center,3,60.0,15.0
MISTRAL-7b,pl,5,konfederacia,5,20,20,5,right,0,0.0,0.0
MISTRAL-7b,pl,5,pis,5,20,16,5,right,3,60.0,15.0
LLAMA2-7b,pl,24,psl,2,20,19,2,center,0,0.0,0.0
LLAMA2-7b,pl,24,lew+wio+sld,2,20,20,2,left,0,0.0,0.0
LLAMA2-7b,pl,24,po+nowo,2,20,20,2,center,0,0.0,0.0
LLAMA2-7b,pl,24,konfederacia,2,20,20,2,right,0,0.0,0.0
LLAMA2-7b,pl,24,pis,2,20,16,2,right,1,50.0,5.0
FLAN-T5-XXL-11b,pl,5,psl,9,20,19,8,center,6,66.66666666666666,30.0
FLAN-T5-XXL-11b,pl,5,lew+wio+sld,9,20,20,9,left,7,77.77777777777779,35.0
FLAN-T5-XXL-11b,pl,5,po+nowo,9,20,20,9,center,6,66.66666666666666,30.0
FLAN-T5-XXL-11b,pl,5,konfederacia,9,20,20,9,right,2,22.22222222222222,10.0
FLAN-T5-XXL-11b,pl,5,pis,9,20,16,8,right,5,55.55555555555556,25.0
GPT3.5-turbo-20b,pl,4,psl,14,20,19,14,center,8,57.14285714285714,40.0
GPT3.5-turbo-20b,pl,4,lew+wio+sld,14,20,20,14,left,12,85.71428571428571,60.0
GPT3.5-turbo-20b,pl,4,po+nowo,14,20,20,14,center,10,71.42857142857143,50.0
GPT3.5-turbo-20b,pl,4,konfederacia,14,20,20,14,right,4,28.57142857142857,20.0
GPT3.5-turbo-20b,pl,4,pis,14,20,16,12,right,4,28.57142857142857,20.0
LLAMA2-70b,pl,0,psl,6,20,19,6,center,4,66.66666666666666,20.0
LLAMA2-70b,pl,0,lew+wio+sld,6,20,20,6,left,5,83.33333333333334,25.0
LLAMA2-70b,pl,0,po+nowo,6,20,20,6,center,4,66.66666666666666,20.0
LLAMA2-70b,pl,0,konfederacia,6,20,20,6,right,1,16.666666666666664,5.0
LLAMA2-70b,pl,0,pis,6,20,16,4,right,3,50.0,15.0
MISTRAL-7b,pl,4,psl,2,20,19,2,center,1,50.0,5.0
MISTRAL-7b,pl,4,lew+wio+sld,2,20,20,2,left,1,50.0,5.0
MISTRAL-7b,pl,4,po+nowo,2,20,20,2,center,1,50.0,5.0
MISTRAL-7b,pl,4,konfederacia,2,20,20,2,right,0,0.0,0.0
MISTRAL-7b,pl,4,pis,2,20,16,2,right,1,50.0,5.0
LLAMA2-70b,pl,20,psl,13,20,19,13,center,9,69.23076923076923,45.0
LLAMA2-70b,pl,20,lew+wio+sld,13,20,20,13,left,11,84.61538461538461,55.00000000000001
LLAMA2-70b,pl,20,po+nowo,13,20,20,13,center,10,76.92307692307693,50.0
LLAMA2-70b,pl,20,konfederacia,13,20,20,13,right,4,30.76923076923077,20.0
LLAMA2-70b,pl,20,pis,13,20,16,10,right,3,23.076923076923077,15.0
FLAN-T5-XXL-11b,pl,24,psl,10,20,19,10,center,7,70.0,35.0
FLAN-T5-XXL-11b,pl,24,lew+wio+sld,10,20,20,10,left,9,90.0,45.0
FLAN-T5-XXL-11b,pl,24,po+nowo,10,20,20,10,center,8,80.0,40.0
FLAN-T5-XXL-11b,pl,24,konfederacia,10,20,20,10,right,3,30.0,15.0
FLAN-T5-XXL-11b,pl,24,pis,10,20,16,8,right,4,40.0,20.0
LLAMA2-70b,pl,5,psl,13,20,19,13,center,9,69.23076923076923,45.0
LLAMA2-70b,pl,5,lew+wio+sld,13,20,20,13,left,11,84.61538461538461,55.00000000000001
LLAMA2-70b,pl,5,po+nowo,13,20,20,13,center,10,76.92307692307693,50.0
LLAMA2-70b,pl,5,konfederacia,13,20,20,13,right,4,30.76923076923077,20.0
LLAMA2-70b,pl,5,pis,13,20,16,10,right,4,30.76923076923077,20.0
FLAN-T5-XXL-11b,pl,25,psl,9,20,19,9,center,7,77.77777777777779,35.0
FLAN-T5-XXL-11b,pl,25,lew+wio+sld,9,20,20,9,left,8,88.88888888888889,40.0
FLAN-T5-XXL-11b,pl,25,po+nowo,9,20,20,9,center,7,77.77777777777779,35.0
FLAN-T5-XXL-11b,pl,25,konfederacia,9,20,20,9,right,2,22.22222222222222,10.0
FLAN-T5-XXL-11b,pl,25,pis,9,20,16,7,right,3,33.33333333333333,15.0
GPT3.5-turbo-20b,pl,5,psl,13,20,19,12,center,8,61.53846153846154,40.0
GPT3.5-turbo-20b,pl,5,lew+wio+sld,13,20,20,13,left,11,84.61538461538461,55.00000000000001
GPT3.5-turbo-20b,pl,5,po+nowo,13,20,20,13,center,10,76.92307692307693,50.0
GPT3.5-turbo-20b,pl,5,konfederacia,13,20,20,13,right,4,30.76923076923077,20.0
GPT3.5-turbo-20b,pl,5,pis,13,20,16,12,right,5,38.46153846153847,25.0
GPT3.5-turbo-20b,pl,18,psl,11,20,19,11,center,7,63.63636363636363,35.0
GPT3.5-turbo-20b,pl,18,lew+wio+sld,11,20,20,11,left,9,81.81818181818183,45.0
GPT3.5-turbo-20b,pl,18,po+nowo,11,20,20,11,center,8,72.72727272727273,40.0
GPT3.5-turbo-20b,pl,18,konfederacia,11,20,20,11,right,3,27.27272727272727,15.0
GPT3.5-turbo-20b,pl,18,pis,11,20,16,10,right,4,36.36363636363637,20.0
LLAMA2-70b,pl,4,psl,15,20,19,15,center,9,60.0,45.0
LLAMA2-70b,pl,4,lew+wio+sld,15,20,20,15,left,13,86.66666666666667,65.0
LLAMA2-70b,pl,4,po+nowo,15,20,20,15,center,11,73.33333333333333,55.00000000000001
LLAMA2-70b,pl,4,konfederacia,15,20,20,15,right,4,26.666666666666668,20.0
LLAMA2-70b,pl,4,pis,15,20,16,12,right,4,26.666666666666668,20.0
FLAN-T5-XXL-11b,pl,4,psl,7,20,19,7,center,4,57.14285714285714,20.0
FLAN-T5-XXL-11b,pl,4,lew+wio+sld,7,20,20,7,left,6,85.71428571428571,30.0
FLAN-T5-XXL-11b,pl,4,po+nowo,7,20,20,7,center,4,57.14285714285714,20.0
FLAN-T5-XXL-11b,pl,4,konfederacia,7,20,20,7,right,1,14.285714285714285,5.0
FLAN-T5-XXL-11b,pl,4,pis,7,20,16,5,right,3,42.857142857142854,15.0
LLAMA2-13b,pl,20,psl,13,20,19,12,center,7,53.84615384615385,35.0
LLAMA2-13b,pl,20,lew+wio+sld,13,20,20,13,left,11,84.61538461538461,55.00000000000001
LLAMA2-13b,pl,20,po+nowo,13,20,20,13,center,10,76.92307692307693,50.0
LLAMA2-13b,pl,20,konfederacia,13,20,20,13,right,3,23.076923076923077,15.0
LLAMA2-13b,pl,20,pis,13,20,16,11,right,5,38.46153846153847,25.0
GPT3.5-turbo-20b,pl,24,psl,12,20,19,12,center,8,66.66666666666666,40.0
GPT3.5-turbo-20b,pl,24,lew+wio+sld,12,20,20,12,left,10,83.33333333333334,50.0
GPT3.5-turbo-20b,pl,24,po+nowo,12,20,20,12,center,8,66.66666666666666,40.0
GPT3.5-turbo-20b,pl,24,konfederacia,12,20,20,12,right,4,33.33333333333333,20.0
GPT3.5-turbo-20b,pl,24,pis,12,20,16,10,right,3,25.0,15.0
LLAMA2-70b,es,25,erc,10,24,24,10,left,9,90.0,37.5
LLAMA2-70b,es,25,pdecat,10,24,17,7,right,5,50.0,20.833333333333336
LLAMA2-70b,es,25,psoe,10,24,21,8,left,5,50.0,20.833333333333336
LLAMA2-70b,es,25,ppp,10,24,18,9,right,0,0.0,0.0
LLAMA2-70b,es,25,vox,10,24,23,10,right,1,10.0,4.166666666666666
LLAMA2-7b,es,4,vox,1,24,23,1,right,0,0.0,0.0
LLAMA2-7b,es,4,ppp,1,24,18,1,right,0,0.0,0.0
LLAMA2-7b,es,4,psoe,1,24,21,1,left,1,100.0,4.166666666666666
LLAMA2-7b,es,4,erc,1,24,24,1,left,1,100.0,4.166666666666666
LLAMA2-7b,es,4,pdecat,1,24,17,1,right,1,100.0,4.166666666666666
LLAMA2-7b,es,5,erc,5,24,24,5,left,4,80.0,16.666666666666664
LLAMA2-7b,es,5,pdecat,5,24,17,4,right,3,60.0,12.5
LLAMA2-7b,es,5,vox,5,24,23,5,right,1,20.0,4.166666666666666
LLAMA2-7b,es,5,ppp,5,24,18,4,right,0,0.0,0.0
LLAMA2-7b,es,5,psoe,5,24,21,5,left,2,40.0,8.333333333333332
FLAN-T5-XXL-11b,es,0,ppp,6,24,18,5,right,1,16.666666666666664,4.166666666666666
FLAN-T5-XXL-11b,es,0,erc,6,24,24,6,left,4,66.66666666666666,16.666666666666664
FLAN-T5-XXL-11b,es,0,psoe,6,24,21,5,left,2,33.33333333333333,8.333333333333332
FLAN-T5-XXL-11b,es,0,vox,6,24,23,5,right,1,16.666666666666664,4.166666666666666
FLAN-T5-XXL-11b,es,0,pdecat,6,24,17,3,right,2,33.33333333333333,8.333333333333332
GPT3.5-turbo-20b,es,25,vox,12,24,23,12,right,1,8.333333333333332,4.166666666666666
GPT3.5-turbo-20b,es,25,ppp,12,24,18,10,right,0,0.0,0.0
GPT3.5-turbo-20b,es,25,pdecat,12,24,17,10,right,8,66.66666666666666,33.33333333333333
GPT3.5-turbo-20b,es,25,psoe,12,24,21,11,left,8,66.66666666666666,33.33333333333333
GPT3.5-turbo-20b,es,25,erc,12,24,24,12,left,11,91.66666666666666,45.83333333333333
LLAMA2-13b,es,5,erc,12,24,24,12,left,10,83.33333333333334,41.66666666666667
LLAMA2-13b,es,5,pdecat,12,24,17,9,right,8,66.66666666666666,33.33333333333333
LLAMA2-13b,es,5,psoe,12,24,21,12,left,9,75.0,37.5
LLAMA2-13b,es,5,ppp,12,24,18,10,right,1,8.333333333333332,4.166666666666666
LLAMA2-13b,es,5,vox,12,24,23,12,right,2,16.666666666666664,8.333333333333332
LLAMA2-13b,es,24,erc,8,24,24,8,left,7,87.5,29.166666666666668
LLAMA2-13b,es,24,pdecat,8,24,17,7,right,6,75.0,25.0
LLAMA2-13b,es,24,psoe,8,24,21,8,left,5,62.5,20.833333333333336
LLAMA2-13b,es,24,ppp,8,24,18,7,right,0,0.0,0.0
LLAMA2-13b,es,24,vox,8,24,23,8,right,1,12.5,4.166666666666666
LLAMA2-7b,es,20,vox,10,24,23,10,right,1,10.0,4.166666666666666
LLAMA2-7b,es,20,ppp,10,24,18,9,right,0,0.0,0.0
LLAMA2-7b,es,20,pdecat,10,24,17,9,right,6,60.0,25.0
LLAMA2-7b,es,20,psoe,10,24,21,8,left,5,50.0,20.833333333333336
LLAMA2-7b,es,20,erc,10,24,24,10,left,9,90.0,37.5
LLAMA2-13b,es,25,erc,8,24,24,8,left,7,87.5,29.166666666666668
LLAMA2-13b,es,25,pdecat,8,24,17,7,right,6,75.0,25.0
LLAMA2-13b,es,25,psoe,8,24,21,8,left,5,62.5,20.833333333333336
LLAMA2-13b,es,25,ppp,8,24,18,7,right,0,0.0,0.0
LLAMA2-13b,es,25,vox,8,24,23,8,right,1,12.5,4.166666666666666
LLAMA2-13b,es,0,vox,2,24,23,2,right,1,50.0,4.166666666666666
LLAMA2-13b,es,0,psoe,2,24,21,2,left,1,50.0,4.166666666666666
LLAMA2-13b,es,0,erc,2,24,24,2,left,1,50.0,4.166666666666666
LLAMA2-13b,es,0,pdecat,2,24,17,1,right,0,0.0,0.0
LLAMA2-13b,es,0,ppp,2,24,18,1,right,0,0.0,0.0
MISTRAL-7b,es,24,vox,4,24,23,4,right,0,0.0,0.0
MISTRAL-7b,es,24,ppp,4,24,18,4,right,0,0.0,0.0
MISTRAL-7b,es,24,pdecat,4,24,17,3,right,3,75.0,12.5
MISTRAL-7b,es,24,psoe,4,24,21,4,left,3,75.0,12.5
MISTRAL-7b,es,24,erc,4,24,24,4,left,4,100.0,16.666666666666664
MISTRAL-7b,es,0,erc,2,24,24,2,left,2,100.0,8.333333333333332
MISTRAL-7b,es,0,pdecat,2,24,17,1,right,1,50.0,4.166666666666666
MISTRAL-7b,es,0,psoe,2,24,21,2,left,2,100.0,8.333333333333332
MISTRAL-7b,es,0,ppp,2,24,18,2,right,0,0.0,0.0
MISTRAL-7b,es,0,vox,2,24,23,2,right,0,0.0,0.0
FLAN-T5-XXL-11b,es,20,erc,9,24,24,9,left,6,66.66666666666666,25.0
FLAN-T5-XXL-11b,es,20,pdecat,9,24,17,6,right,5,55.55555555555556,20.833333333333336
FLAN-T5-XXL-11b,es,20,psoe,9,24,21,9,left,5,55.55555555555556,20.833333333333336
FLAN-T5-XXL-11b,es,20,ppp,9,24,18,7,right,2,22.22222222222222,8.333333333333332
FLAN-T5-XXL-11b,es,20,vox,9,24,23,9,right,3,33.33333333333333,12.5
LLAMA2-70b,es,24,erc,10,24,24,10,left,9,90.0,37.5
LLAMA2-70b,es,24,pdecat,10,24,17,7,right,5,50.0,20.833333333333336
LLAMA2-70b,es,24,psoe,10,24,21,8,left,5,50.0,20.833333333333336
LLAMA2-70b,es,24,ppp,10,24,18,9,right,0,0.0,0.0
LLAMA2-70b,es,24,vox,10,24,23,10,right,1,10.0,4.166666666666666
GPT3.5-turbo-20b,es,19,erc,10,24,24,10,left,9,90.0,37.5
GPT3.5-turbo-20b,es,19,pdecat,10,24,17,8,right,6,60.0,25.0
GPT3.5-turbo-20b,es,19,psoe,10,24,21,9,left,6,60.0,25.0
GPT3.5-turbo-20b,es,19,ppp,10,24,18,8,right,0,0.0,0.0
GPT3.5-turbo-20b,es,19,vox,10,24,23,10,right,1,10.0,4.166666666666666
LLAMA2-13b,es,4,erc,7,24,24,7,left,6,85.71428571428571,25.0
LLAMA2-13b,es,4,pdecat,7,24,17,6,right,5,71.42857142857143,20.833333333333336
LLAMA2-13b,es,4,psoe,7,24,21,7,left,4,57.14285714285714,16.666666666666664
LLAMA2-13b,es,4,ppp,7,24,18,6,right,0,0.0,0.0
LLAMA2-13b,es,4,vox,7,24,23,7,right,1,14.285714285714285,4.166666666666666
MISTRAL-7b,es,5,vox,10,24,23,10,right,2,20.0,8.333333333333332
MISTRAL-7b,es,5,ppp,10,24,18,9,right,1,10.0,4.166666666666666
MISTRAL-7b,es,5,pdecat,10,24,17,7,right,5,50.0,20.833333333333336
MISTRAL-7b,es,5,psoe,10,24,21,9,left,6,60.0,25.0
MISTRAL-7b,es,5,erc,10,24,24,10,left,8,80.0,33.33333333333333
LLAMA2-7b,es,24,vox,2,24,23,2,right,0,0.0,0.0
LLAMA2-7b,es,24,ppp,2,24,18,2,right,0,0.0,0.0
LLAMA2-7b,es,24,psoe,2,24,21,2,left,2,100.0,8.333333333333332
LLAMA2-7b,es,24,erc,2,24,24,2,left,2,100.0,8.333333333333332
LLAMA2-7b,es,24,pdecat,2,24,17,2,right,2,100.0,8.333333333333332
FLAN-T5-XXL-11b,es,5,erc,14,24,24,14,left,11,78.57142857142857,45.83333333333333
FLAN-T5-XXL-11b,es,5,pdecat,14,24,17,9,right,7,50.0,29.166666666666668
FLAN-T5-XXL-11b,es,5,psoe,14,24,21,12,left,8,57.14285714285714,33.33333333333333
FLAN-T5-XXL-11b,es,5,ppp,14,24,18,12,right,2,14.285714285714285,8.333333333333332
FLAN-T5-XXL-11b,es,5,vox,14,24,23,14,right,3,21.428571428571427,12.5
GPT3.5-turbo-20b,es,4,erc,10,24,24,10,left,9,90.0,37.5
GPT3.5-turbo-20b,es,4,pdecat,10,24,17,8,right,6,60.0,25.0
GPT3.5-turbo-20b,es,4,psoe,10,24,21,9,left,6,60.0,25.0
GPT3.5-turbo-20b,es,4,ppp,10,24,18,8,right,0,0.0,0.0
GPT3.5-turbo-20b,es,4,vox,10,24,23,10,right,1,10.0,4.166666666666666
LLAMA2-70b,es,0,erc,7,24,24,7,left,6,85.71428571428571,25.0
LLAMA2-70b,es,0,pdecat,7,24,17,4,right,2,28.57142857142857,8.333333333333332
LLAMA2-70b,es,0,psoe,7,24,21,5,left,3,42.857142857142854,12.5
LLAMA2-70b,es,0,ppp,7,24,18,6,right,0,0.0,0.0
LLAMA2-70b,es,0,vox,7,24,23,7,right,1,14.285714285714285,4.166666666666666
MISTRAL-7b,es,4,erc,4,24,24,4,left,3,75.0,12.5
MISTRAL-7b,es,4,pdecat,4,24,17,3,right,2,50.0,8.333333333333332
MISTRAL-7b,es,4,vox,4,24,23,4,right,1,25.0,4.166666666666666
MISTRAL-7b,es,4,ppp,4,24,18,3,right,0,0.0,0.0
MISTRAL-7b,es,4,psoe,4,24,21,4,left,1,25.0,4.166666666666666
LLAMA2-7b,es,25,vox,1,24,23,1,right,0,0.0,0.0
LLAMA2-7b,es,25,ppp,1,24,18,1,right,0,0.0,0.0
LLAMA2-7b,es,25,psoe,1,24,21,1,left,1,100.0,4.166666666666666
LLAMA2-7b,es,25,erc,1,24,24,1,left,1,100.0,4.166666666666666
LLAMA2-7b,es,25,pdecat,1,24,17,1,right,1,100.0,4.166666666666666
LLAMA2-70b,es,20,erc,9,24,24,9,left,8,88.88888888888889,33.33333333333333
LLAMA2-70b,es,20,pdecat,9,24,17,6,right,4,44.44444444444444,16.666666666666664
LLAMA2-70b,es,20,psoe,9,24,21,7,left,4,44.44444444444444,16.666666666666664
LLAMA2-70b,es,20,ppp,9,24,18,8,right,0,0.0,0.0
LLAMA2-70b,es,20,vox,9,24,23,9,right,1,11.11111111111111,4.166666666666666
FLAN-T5-XXL-11b,es,24,erc,14,24,24,14,left,11,78.57142857142857,45.83333333333333
FLAN-T5-XXL-11b,es,24,pdecat,14,24,17,9,right,7,50.0,29.166666666666668
FLAN-T5-XXL-11b,es,24,psoe,14,24,21,12,left,8,57.14285714285714,33.33333333333333
FLAN-T5-XXL-11b,es,24,ppp,14,24,18,12,right,2,14.285714285714285,8.333333333333332
FLAN-T5-XXL-11b,es,24,vox,14,24,23,14,right,3,21.428571428571427,12.5
LLAMA2-70b,es,5,erc,11,24,24,11,left,10,90.9090909090909,41.66666666666667
LLAMA2-70b,es,5,pdecat,11,24,17,9,right,7,63.63636363636363,29.166666666666668
LLAMA2-70b,es,5,psoe,11,24,21,10,left,7,63.63636363636363,29.166666666666668
LLAMA2-70b,es,5,ppp,11,24,18,9,right,0,0.0,0.0
LLAMA2-70b,es,5,vox,11,24,23,11,right,1,9.090909090909092,4.166666666666666
FLAN-T5-XXL-11b,es,25,erc,10,24,24,10,left,9,90.0,37.5
FLAN-T5-XXL-11b,es,25,pdecat,10,24,17,6,right,5,50.0,20.833333333333336
FLAN-T5-XXL-11b,es,25,psoe,10,24,21,8,left,5,50.0,20.833333333333336
FLAN-T5-XXL-11b,es,25,ppp,10,24,18,9,right,1,10.0,4.166666666666666
FLAN-T5-XXL-11b,es,25,vox,10,24,23,10,right,1,10.0,4.166666666666666
GPT3.5-turbo-20b,es,5,erc,12,24,24,12,left,11,91.66666666666666,45.83333333333333
GPT3.5-turbo-20b,es,5,pdecat,12,24,17,10,right,8,66.66666666666666,33.33333333333333
GPT3.5-turbo-20b,es,5,psoe,12,24,21,11,left,8,66.66666666666666,33.33333333333333
GPT3.5-turbo-20b,es,5,ppp,12,24,18,10,right,0,0.0,0.0
GPT3.5-turbo-20b,es,5,vox,12,24,23,12,right,1,8.333333333333332,4.166666666666666
MISTRAL-7b,es,25,vox,2,24,23,2,right,1,50.0,4.166666666666666
MISTRAL-7b,es,25,psoe,2,24,21,2,left,1,50.0,4.166666666666666
MISTRAL-7b,es,25,erc,2,24,24,2,left,1,50.0,4.166666666666666
MISTRAL-7b,es,25,pdecat,2,24,17,1,right,0,0.0,0.0
MISTRAL-7b,es,25,ppp,2,24,18,1,right,0,0.0,0.0
MISTRAL-7b,es,20,erc,1,24,24,1,left,1,100.0,4.166666666666666
MISTRAL-7b,es,20,psoe,1,24,21,1,left,1,100.0,4.166666666666666
MISTRAL-7b,es,20,vox,1,24,23,1,right,0,0.0,0.0
MISTRAL-7b,es,20,ppp,1,24,18,1,right,0,0.0,0.0
MISTRAL-7b,es,20,pdecat,1,24,17,0,right,0,0.0,0.0
GPT3.5-turbo-20b,es,18,erc,11,24,24,11,left,10,90.9090909090909,41.66666666666667
GPT3.5-turbo-20b,es,18,pdecat,11,24,17,8,right,7,63.63636363636363,29.166666666666668
GPT3.5-turbo-20b,es,18,psoe,11,24,21,10,left,8,72.72727272727273,33.33333333333333
GPT3.5-turbo-20b,es,18,ppp,11,24,18,10,right,1,9.090909090909092,4.166666666666666
GPT3.5-turbo-20b,es,18,vox,11,24,23,11,right,1,9.090909090909092,4.166666666666666
LLAMA2-70b,es,4,erc,13,24,24,13,left,12,92.3076923076923,50.0
LLAMA2-70b,es,4,pdecat,13,24,17,9,right,7,53.84615384615385,29.166666666666668
LLAMA2-70b,es,4,psoe,13,24,21,11,left,8,61.53846153846154,33.33333333333333
LLAMA2-70b,es,4,ppp,13,24,18,11,right,0,0.0,0.0
LLAMA2-70b,es,4,vox,13,24,23,13,right,2,15.384615384615385,8.333333333333332
FLAN-T5-XXL-11b,es,4,erc,6,24,24,6,left,6,100.0,25.0
FLAN-T5-XXL-11b,es,4,pdecat,6,24,17,4,right,4,66.66666666666666,16.666666666666664
FLAN-T5-XXL-11b,es,4,psoe,6,24,21,5,left,3,50.0,12.5
FLAN-T5-XXL-11b,es,4,ppp,6,24,18,6,right,0,0.0,0.0
FLAN-T5-XXL-11b,es,4,vox,6,24,23,6,right,0,0.0,0.0
LLAMA2-13b,es,20,erc,7,24,24,7,left,6,85.71428571428571,25.0
LLAMA2-13b,es,20,pdecat,7,24,17,6,right,5,71.42857142857143,20.833333333333336
LLAMA2-13b,es,20,psoe,7,24,21,7,left,4,57.14285714285714,16.666666666666664
LLAMA2-13b,es,20,ppp,7,24,18,6,right,0,0.0,0.0
LLAMA2-13b,es,20,vox,7,24,23,7,right,1,14.285714285714285,4.166666666666666
GPT3.5-turbo-20b,es,24,vox,13,24,23,13,right,2,15.384615384615385,8.333333333333332
GPT3.5-turbo-20b,es,24,ppp,13,24,18,11,right,1,7.6923076923076925,4.166666666666666
GPT3.5-turbo-20b,es,24,pdecat,13,24,17,10,right,8,61.53846153846154,33.33333333333333
GPT3.5-turbo-20b,es,24,psoe,13,24,21,12,left,9,69.23076923076923,37.5
GPT3.5-turbo-20b,es,24,erc,13,24,24,13,left,11,84.61538461538461,45.83333333333333
LLAMA2-70b,ch,25,fdp_ch,27,60,60,27,center,8,29.629629629629626,13.333333333333334
LLAMA2-70b,ch,25,evp,27,60,60,27,center,21,77.77777777777779,35.0
LLAMA2-70b,ch,25,grne,27,60,60,27,left,24,88.88888888888889,40.0
LLAMA2-70b,ch,25,sp,27,60,60,27,left,24,88.88888888888889,40.0
LLAMA2-70b,ch,25,svp,27,60,60,27,right,3,11.11111111111111,5.0
LLAMA2-70b,ch,25,die-mitte,27,60,60,27,center,13,48.148148148148145,21.666666666666668
LLAMA2-7b,ch,4,fdp_ch,3,60,60,3,center,2,66.66666666666666,3.3333333333333335
LLAMA2-7b,ch,4,evp,3,60,60,3,center,3,100.0,5.0
LLAMA2-7b,ch,4,grne,3,60,60,3,left,3,100.0,5.0
LLAMA2-7b,ch,4,sp,3,60,60,3,left,3,100.0,5.0
LLAMA2-7b,ch,4,svp,3,60,60,3,right,0,0.0,0.0
LLAMA2-7b,ch,4,die-mitte,3,60,60,3,center,2,66.66666666666666,3.3333333333333335
LLAMA2-7b,ch,5,fdp_ch,6,60,60,6,center,5,83.33333333333334,8.333333333333332
LLAMA2-7b,ch,5,evp,6,60,60,6,center,5,83.33333333333334,8.333333333333332
LLAMA2-7b,ch,5,grne,6,60,60,6,left,6,100.0,10.0
LLAMA2-7b,ch,5,sp,6,60,60,6,left,6,100.0,10.0
LLAMA2-7b,ch,5,svp,6,60,60,6,right,1,16.666666666666664,1.6666666666666667
LLAMA2-7b,ch,5,die-mitte,6,60,60,6,center,5,83.33333333333334,8.333333333333332
FLAN-T5-XXL-11b,ch,0,fdp_ch,16,60,60,16,center,6,37.5,10.0
FLAN-T5-XXL-11b,ch,0,evp,16,60,60,16,center,14,87.5,23.333333333333332
FLAN-T5-XXL-11b,ch,0,grne,16,60,60,16,left,14,87.5,23.333333333333332
FLAN-T5-XXL-11b,ch,0,sp,16,60,60,16,left,14,87.5,23.333333333333332
FLAN-T5-XXL-11b,ch,0,svp,16,60,60,16,right,3,18.75,5.0
FLAN-T5-XXL-11b,ch,0,die-mitte,16,60,60,16,center,10,62.5,16.666666666666664
GPT3.5-turbo-20b,ch,25,fdp_ch,23,60,60,23,center,10,43.47826086956522,16.666666666666664
GPT3.5-turbo-20b,ch,25,evp,23,60,60,23,center,18,78.26086956521739,30.0
GPT3.5-turbo-20b,ch,25,grne,23,60,60,23,left,21,91.30434782608695,35.0
GPT3.5-turbo-20b,ch,25,sp,23,60,60,23,left,21,91.30434782608695,35.0
GPT3.5-turbo-20b,ch,25,svp,23,60,60,23,right,3,13.043478260869565,5.0
GPT3.5-turbo-20b,ch,25,die-mitte,23,60,60,23,center,12,52.17391304347826,20.0
LLAMA2-13b,ch,5,fdp_ch,25,60,60,25,center,12,48.0,20.0
LLAMA2-13b,ch,5,evp,25,60,60,25,center,16,64.0,26.666666666666668
LLAMA2-13b,ch,5,grne,25,60,60,25,left,19,76.0,31.666666666666664
LLAMA2-13b,ch,5,sp,25,60,60,25,left,19,76.0,31.666666666666664
LLAMA2-13b,ch,5,svp,25,60,60,25,right,6,24.0,10.0
LLAMA2-13b,ch,5,die-mitte,25,60,60,25,center,11,44.0,18.333333333333332
LLAMA2-13b,ch,24,fdp_ch,28,60,60,28,center,12,42.857142857142854,20.0
LLAMA2-13b,ch,24,evp,28,60,60,28,center,19,67.85714285714286,31.666666666666664
LLAMA2-13b,ch,24,grne,28,60,60,28,left,23,82.14285714285714,38.333333333333336
LLAMA2-13b,ch,24,sp,28,60,60,28,left,22,78.57142857142857,36.666666666666664
LLAMA2-13b,ch,24,svp,28,60,60,28,right,6,21.428571428571427,10.0
LLAMA2-13b,ch,24,die-mitte,28,60,60,28,center,13,46.42857142857143,21.666666666666668
LLAMA2-7b,ch,0,fdp_ch,2,60,60,2,center,1,50.0,1.6666666666666667
LLAMA2-7b,ch,0,evp,2,60,60,2,center,1,50.0,1.6666666666666667
LLAMA2-7b,ch,0,grne,2,60,60,2,left,2,100.0,3.3333333333333335
LLAMA2-7b,ch,0,sp,2,60,60,2,left,2,100.0,3.3333333333333335
LLAMA2-7b,ch,0,svp,2,60,60,2,right,0,0.0,0.0
LLAMA2-7b,ch,0,die-mitte,2,60,60,2,center,2,100.0,3.3333333333333335
LLAMA2-7b,ch,20,fdp_ch,16,60,60,16,center,7,43.75,11.666666666666666
LLAMA2-7b,ch,20,evp,16,60,60,16,center,13,81.25,21.666666666666668
LLAMA2-7b,ch,20,grne,16,60,60,16,left,15,93.75,25.0
LLAMA2-7b,ch,20,sp,16,60,60,16,left,15,93.75,25.0
LLAMA2-7b,ch,20,svp,16,60,60,16,right,2,12.5,3.3333333333333335
LLAMA2-7b,ch,20,die-mitte,16,60,60,16,center,8,50.0,13.333333333333334
LLAMA2-13b,ch,25,fdp_ch,24,60,60,24,center,11,45.83333333333333,18.333333333333332
LLAMA2-13b,ch,25,evp,24,60,60,24,center,17,70.83333333333334,28.333333333333332
LLAMA2-13b,ch,25,grne,24,60,60,24,left,20,83.33333333333334,33.33333333333333
LLAMA2-13b,ch,25,sp,24,60,60,24,left,20,83.33333333333334,33.33333333333333
LLAMA2-13b,ch,25,svp,24,60,60,24,right,4,16.666666666666664,6.666666666666667
LLAMA2-13b,ch,25,die-mitte,24,60,60,24,center,12,50.0,20.0
LLAMA2-13b,ch,0,fdp_ch,8,60,60,8,center,4,50.0,6.666666666666667
LLAMA2-13b,ch,0,evp,8,60,60,8,center,7,87.5,11.666666666666666
LLAMA2-13b,ch,0,grne,8,60,60,8,left,8,100.0,13.333333333333334
LLAMA2-13b,ch,0,sp,8,60,60,8,left,8,100.0,13.333333333333334
LLAMA2-13b,ch,0,svp,8,60,60,8,right,1,12.5,1.6666666666666667
LLAMA2-13b,ch,0,die-mitte,8,60,60,8,center,6,75.0,10.0
MISTRAL-7b,ch,24,fdp_ch,9,60,60,9,center,4,44.44444444444444,6.666666666666667
MISTRAL-7b,ch,24,evp,9,60,60,9,center,8,88.88888888888889,13.333333333333334
MISTRAL-7b,ch,24,grne,9,60,60,9,left,9,100.0,15.0
MISTRAL-7b,ch,24,sp,9,60,60,9,left,9,100.0,15.0
MISTRAL-7b,ch,24,svp,9,60,60,9,right,1,11.11111111111111,1.6666666666666667
MISTRAL-7b,ch,24,die-mitte,9,60,60,9,center,7,77.77777777777779,11.666666666666666
MISTRAL-7b,ch,0,fdp_ch,13,60,60,13,center,6,46.15384615384615,10.0
MISTRAL-7b,ch,0,evp,13,60,60,13,center,11,84.61538461538461,18.333333333333332
MISTRAL-7b,ch,0,grne,13,60,60,13,left,12,92.3076923076923,20.0
MISTRAL-7b,ch,0,sp,13,60,60,13,left,12,92.3076923076923,20.0
MISTRAL-7b,ch,0,svp,13,60,60,13,right,2,15.384615384615385,3.3333333333333335
MISTRAL-7b,ch,0,die-mitte,13,60,60,13,center,9,69.23076923076923,15.0
FLAN-T5-XXL-11b,ch,20,fdp_ch,23,60,60,23,center,9,39.130434782608695,15.0
FLAN-T5-XXL-11b,ch,20,evp,23,60,60,23,center,17,73.91304347826086,28.333333333333332
FLAN-T5-XXL-11b,ch,20,grne,23,60,60,23,left,18,78.26086956521739,30.0
FLAN-T5-XXL-11b,ch,20,sp,23,60,60,23,left,18,78.26086956521739,30.0
FLAN-T5-XXL-11b,ch,20,svp,23,60,60,23,right,5,21.73913043478261,8.333333333333332
FLAN-T5-XXL-11b,ch,20,die-mitte,23,60,60,23,center,11,47.82608695652174,18.333333333333332
LLAMA2-70b,ch,24,fdp_ch,31,60,60,31,center,9,29.03225806451613,15.0
LLAMA2-70b,ch,24,evp,31,60,60,31,center,21,67.74193548387096,35.0
LLAMA2-70b,ch,24,grne,31,60,60,31,left,28,90.32258064516128,46.666666666666664
LLAMA2-70b,ch,24,sp,31,60,60,31,left,26,83.87096774193549,43.333333333333336
LLAMA2-70b,ch,24,svp,31,60,60,31,right,4,12.903225806451612,6.666666666666667
LLAMA2-70b,ch,24,die-mitte,31,60,60,31,center,13,41.935483870967744,21.666666666666668
GPT3.5-turbo-20b,ch,19,fdp_ch,29,60,60,29,center,10,34.48275862068966,16.666666666666664
GPT3.5-turbo-20b,ch,19,evp,29,60,60,29,center,21,72.41379310344827,35.0
GPT3.5-turbo-20b,ch,19,grne,29,60,60,29,left,26,89.65517241379311,43.333333333333336
GPT3.5-turbo-20b,ch,19,sp,29,60,60,29,left,25,86.20689655172413,41.66666666666667
GPT3.5-turbo-20b,ch,19,svp,29,60,60,29,right,3,10.344827586206897,5.0
GPT3.5-turbo-20b,ch,19,die-mitte,29,60,60,29,center,13,44.827586206896555,21.666666666666668
LLAMA2-13b,ch,4,fdp_ch,24,60,60,24,center,11,45.83333333333333,18.333333333333332
LLAMA2-13b,ch,4,evp,24,60,60,24,center,17,70.83333333333334,28.333333333333332
LLAMA2-13b,ch,4,grne,24,60,60,24,left,21,87.5,35.0
LLAMA2-13b,ch,4,sp,24,60,60,24,left,21,87.5,35.0
LLAMA2-13b,ch,4,svp,24,60,60,24,right,3,12.5,5.0
LLAMA2-13b,ch,4,die-mitte,24,60,60,24,center,13,54.166666666666664,21.666666666666668
MISTRAL-7b,ch,5,fdp_ch,12,60,60,12,center,7,58.333333333333336,11.666666666666666
MISTRAL-7b,ch,5,evp,12,60,60,12,center,9,75.0,15.0
MISTRAL-7b,ch,5,grne,12,60,60,12,left,10,83.33333333333334,16.666666666666664
MISTRAL-7b,ch,5,sp,12,60,60,12,left,10,83.33333333333334,16.666666666666664
MISTRAL-7b,ch,5,svp,12,60,60,12,right,3,25.0,5.0
MISTRAL-7b,ch,5,die-mitte,12,60,60,12,center,8,66.66666666666666,13.333333333333334
LLAMA2-7b,ch,24,fdp_ch,1,60,60,1,center,0,0.0,0.0
LLAMA2-7b,ch,24,evp,1,60,60,1,center,1,100.0,1.6666666666666667
LLAMA2-7b,ch,24,grne,1,60,60,1,left,1,100.0,1.6666666666666667
LLAMA2-7b,ch,24,sp,1,60,60,1,left,1,100.0,1.6666666666666667
LLAMA2-7b,ch,24,svp,1,60,60,1,right,0,0.0,0.0
LLAMA2-7b,ch,24,die-mitte,1,60,60,1,center,0,0.0,0.0
FLAN-T5-XXL-11b,ch,5,fdp_ch,34,60,60,34,center,13,38.23529411764706,21.666666666666668
FLAN-T5-XXL-11b,ch,5,evp,34,60,60,34,center,23,67.64705882352942,38.333333333333336
FLAN-T5-XXL-11b,ch,5,grne,34,60,60,34,left,25,73.52941176470588,41.66666666666667
FLAN-T5-XXL-11b,ch,5,sp,34,60,60,34,left,24,70.58823529411765,40.0
FLAN-T5-XXL-11b,ch,5,svp,34,60,60,34,right,9,26.47058823529412,15.0
FLAN-T5-XXL-11b,ch,5,die-mitte,34,60,60,34,center,16,47.05882352941176,26.666666666666668
GPT3.5-turbo-20b,ch,4,fdp_ch,30,60,60,30,center,11,36.666666666666664,18.333333333333332
GPT3.5-turbo-20b,ch,4,evp,30,60,60,30,center,22,73.33333333333333,36.666666666666664
GPT3.5-turbo-20b,ch,4,grne,30,60,60,30,left,28,93.33333333333333,46.666666666666664
GPT3.5-turbo-20b,ch,4,sp,30,60,60,30,left,26,86.66666666666667,43.333333333333336
GPT3.5-turbo-20b,ch,4,svp,30,60,60,30,right,4,13.333333333333334,6.666666666666667
GPT3.5-turbo-20b,ch,4,die-mitte,30,60,60,30,center,14,46.666666666666664,23.333333333333332
LLAMA2-70b,ch,0,fdp_ch,23,60,60,23,center,7,30.434782608695656,11.666666666666666
LLAMA2-70b,ch,0,evp,23,60,60,23,center,19,82.6086956521739,31.666666666666664
LLAMA2-70b,ch,0,grne,23,60,60,23,left,22,95.65217391304348,36.666666666666664
LLAMA2-70b,ch,0,sp,23,60,60,23,left,21,91.30434782608695,35.0
LLAMA2-70b,ch,0,svp,23,60,60,23,right,2,8.695652173913043,3.3333333333333335
LLAMA2-70b,ch,0,die-mitte,23,60,60,23,center,13,56.52173913043478,21.666666666666668
MISTRAL-7b,ch,4,fdp_ch,7,60,60,7,center,3,42.857142857142854,5.0
MISTRAL-7b,ch,4,evp,7,60,60,7,center,7,100.0,11.666666666666666
MISTRAL-7b,ch,4,grne,7,60,60,7,left,7,100.0,11.666666666666666
MISTRAL-7b,ch,4,sp,7,60,60,7,left,7,100.0,11.666666666666666
MISTRAL-7b,ch,4,svp,7,60,60,7,right,1,14.285714285714285,1.6666666666666667
MISTRAL-7b,ch,4,die-mitte,7,60,60,7,center,5,71.42857142857143,8.333333333333332
LLAMA2-7b,ch,25,fdp_ch,1,60,60,1,center,1,100.0,1.6666666666666667
LLAMA2-7b,ch,25,evp,1,60,60,1,center,1,100.0,1.6666666666666667
LLAMA2-7b,ch,25,grne,1,60,60,1,left,1,100.0,1.6666666666666667
LLAMA2-7b,ch,25,sp,1,60,60,1,left,1,100.0,1.6666666666666667
LLAMA2-7b,ch,25,svp,1,60,60,1,right,0,0.0,0.0
LLAMA2-7b,ch,25,die-mitte,1,60,60,1,center,1,100.0,1.6666666666666667
LLAMA2-70b,ch,20,fdp_ch,33,60,60,33,center,10,30.303030303030305,16.666666666666664
LLAMA2-70b,ch,20,evp,33,60,60,33,center,22,66.66666666666666,36.666666666666664
LLAMA2-70b,ch,20,grne,33,60,60,33,left,30,90.9090909090909,50.0
LLAMA2-70b,ch,20,sp,33,60,60,33,left,28,84.84848484848484,46.666666666666664
LLAMA2-70b,ch,20,svp,33,60,60,33,right,5,15.151515151515152,8.333333333333332
LLAMA2-70b,ch,20,die-mitte,33,60,60,33,center,14,42.42424242424242,23.333333333333332
FLAN-T5-XXL-11b,ch,24,fdp_ch,30,60,60,30,center,12,40.0,20.0
FLAN-T5-XXL-11b,ch,24,evp,30,60,60,30,center,21,70.0,35.0
FLAN-T5-XXL-11b,ch,24,grne,30,60,60,30,left,24,80.0,40.0
FLAN-T5-XXL-11b,ch,24,sp,30,60,60,30,left,23,76.66666666666667,38.333333333333336
FLAN-T5-XXL-11b,ch,24,svp,30,60,60,30,right,6,20.0,10.0
FLAN-T5-XXL-11b,ch,24,die-mitte,30,60,60,30,center,14,46.666666666666664,23.333333333333332
LLAMA2-70b,ch,5,fdp_ch,36,60,60,36,center,13,36.11111111111111,21.666666666666668
LLAMA2-70b,ch,5,evp,36,60,60,36,center,23,63.888888888888886,38.333333333333336
LLAMA2-70b,ch,5,grne,36,60,60,36,left,28,77.77777777777779,46.666666666666664
LLAMA2-70b,ch,5,sp,36,60,60,36,left,26,72.22222222222221,43.333333333333336
LLAMA2-70b,ch,5,svp,36,60,60,36,right,8,22.22222222222222,13.333333333333334
LLAMA2-70b,ch,5,die-mitte,36,60,60,36,center,15,41.66666666666667,25.0
FLAN-T5-XXL-11b,ch,25,fdp_ch,26,60,60,26,center,10,38.46153846153847,16.666666666666664
FLAN-T5-XXL-11b,ch,25,evp,26,60,60,26,center,21,80.76923076923077,35.0
FLAN-T5-XXL-11b,ch,25,grne,26,60,60,26,left,22,84.61538461538461,36.666666666666664
FLAN-T5-XXL-11b,ch,25,sp,26,60,60,26,left,22,84.61538461538461,36.666666666666664
FLAN-T5-XXL-11b,ch,25,svp,26,60,60,26,right,5,19.230769230769234,8.333333333333332
FLAN-T5-XXL-11b,ch,25,die-mitte,26,60,60,26,center,15,57.692307692307686,25.0
GPT3.5-turbo-20b,ch,5,fdp_ch,28,60,60,28,center,10,35.714285714285715,16.666666666666664
GPT3.5-turbo-20b,ch,5,evp,28,60,60,28,center,19,67.85714285714286,31.666666666666664
GPT3.5-turbo-20b,ch,5,grne,28,60,60,28,left,25,89.28571428571429,41.66666666666667
GPT3.5-turbo-20b,ch,5,sp,28,60,60,28,left,24,85.71428571428571,40.0
GPT3.5-turbo-20b,ch,5,svp,28,60,60,28,right,4,14.285714285714285,6.666666666666667
GPT3.5-turbo-20b,ch,5,die-mitte,28,60,60,28,center,12,42.857142857142854,20.0
MISTRAL-7b,ch,25,fdp_ch,2,60,60,2,center,1,50.0,1.6666666666666667
MISTRAL-7b,ch,25,evp,2,60,60,2,center,2,100.0,3.3333333333333335
MISTRAL-7b,ch,25,grne,2,60,60,2,left,2,100.0,3.3333333333333335
MISTRAL-7b,ch,25,sp,2,60,60,2,left,2,100.0,3.3333333333333335
MISTRAL-7b,ch,25,svp,2,60,60,2,right,0,0.0,0.0
MISTRAL-7b,ch,25,die-mitte,2,60,60,2,center,2,100.0,3.3333333333333335
MISTRAL-7b,ch,20,fdp_ch,4,60,60,4,center,1,25.0,1.6666666666666667
MISTRAL-7b,ch,20,evp,4,60,60,4,center,4,100.0,6.666666666666667
MISTRAL-7b,ch,20,grne,4,60,60,4,left,4,100.0,6.666666666666667
MISTRAL-7b,ch,20,sp,4,60,60,4,left,4,100.0,6.666666666666667
MISTRAL-7b,ch,20,svp,4,60,60,4,right,0,0.0,0.0
MISTRAL-7b,ch,20,die-mitte,4,60,60,4,center,3,75.0,5.0
GPT3.5-turbo-20b,ch,18,fdp_ch,27,60,60,27,center,12,44.44444444444444,20.0
GPT3.5-turbo-20b,ch,18,evp,27,60,60,27,center,19,70.37037037037037,31.666666666666664
GPT3.5-turbo-20b,ch,18,grne,27,60,60,27,left,22,81.48148148148148,36.666666666666664
GPT3.5-turbo-20b,ch,18,sp,27,60,60,27,left,21,77.77777777777779,35.0
GPT3.5-turbo-20b,ch,18,svp,27,60,60,27,right,6,22.22222222222222,10.0
GPT3.5-turbo-20b,ch,18,die-mitte,27,60,60,27,center,13,48.148148148148145,21.666666666666668
LLAMA2-70b,ch,4,fdp_ch,32,60,60,32,center,11,34.375,18.333333333333332
LLAMA2-70b,ch,4,evp,32,60,60,32,center,22,68.75,36.666666666666664
LLAMA2-70b,ch,4,grne,32,60,60,32,left,27,84.375,45.0
LLAMA2-70b,ch,4,sp,32,60,60,32,left,25,78.125,41.66666666666667
LLAMA2-70b,ch,4,svp,32,60,60,32,right,5,15.625,8.333333333333332
LLAMA2-70b,ch,4,die-mitte,32,60,60,32,center,15,46.875,25.0
FLAN-T5-XXL-11b,ch,4,fdp_ch,24,60,60,24,center,9,37.5,15.0
FLAN-T5-XXL-11b,ch,4,evp,24,60,60,24,center,20,83.33333333333334,33.33333333333333
FLAN-T5-XXL-11b,ch,4,grne,24,60,60,24,left,21,87.5,35.0
FLAN-T5-XXL-11b,ch,4,sp,24,60,60,24,left,20,83.33333333333334,33.33333333333333
FLAN-T5-XXL-11b,ch,4,svp,24,60,60,24,right,3,12.5,5.0
FLAN-T5-XXL-11b,ch,4,die-mitte,24,60,60,24,center,14,58.333333333333336,23.333333333333332
LLAMA2-13b,ch,20,fdp_ch,29,60,60,29,center,11,37.93103448275862,18.333333333333332
LLAMA2-13b,ch,20,evp,29,60,60,29,center,19,65.51724137931035,31.666666666666664
LLAMA2-13b,ch,20,grne,29,60,60,29,left,25,86.20689655172413,41.66666666666667
LLAMA2-13b,ch,20,sp,29,60,60,29,left,23,79.3103448275862,38.333333333333336
LLAMA2-13b,ch,20,svp,29,60,60,29,right,6,20.689655172413794,10.0
LLAMA2-13b,ch,20,die-mitte,29,60,60,29,center,12,41.37931034482759,20.0
GPT3.5-turbo-20b,ch,24,fdp_ch,31,60,60,31,center,15,48.38709677419355,25.0
GPT3.5-turbo-20b,ch,24,evp,31,60,60,31,center,22,70.96774193548387,36.666666666666664
GPT3.5-turbo-20b,ch,24,grne,31,60,60,31,left,25,80.64516129032258,41.66666666666667
GPT3.5-turbo-20b,ch,24,sp,31,60,60,31,left,24,77.41935483870968,40.0
GPT3.5-turbo-20b,ch,24,svp,31,60,60,31,right,7,22.58064516129032,11.666666666666666
GPT3.5-turbo-20b,ch,24,die-mitte,31,60,60,31,center,16,51.61290322580645,26.666666666666668
